account_number,customer_name,account_type,branch_id,balance,total_transactions,total_credit_amount,total_debit_amount
ACC00000001,,Current,BR018,924368.38,25,264464.92,640396.35
ACC00000002,,Savings,BR014,322201.11,10,48421.93000000001,66684.45
ACC00000003,Upma Sharma,Fixed Deposit,BR016,420188.49,25,163127.03,266966.54
ACC00000004,Upma Sharma,Current,BR020,124923.86,50,671311.1900000001,844397.27
ACC00000005,Utkarsh Nair,Current,BR015,701378.9,25,214923.59000000003,439245.48000000004
ACC00000006,,Savings,BR015,388859.38,25,49647.89,429241.97
ACC00000008,Anusha Ravi,Savings,BR007,412619.3,50,572210.35,636295.89
ACC00000009,,Savings,BR016,321493.78,10,145595.71,135202.83000000002
ACC00000010,Neha Dash,Savings,BR004,417777.8,50,491519.13,990395.98
ACC00000011,,Current,BR008,1615025.72,10,251732.99,206181.43
ACC00000012,,Savings,BR005,324633.45,25,524644.13,450082.39
ACC00000013,,Current,BR009,398192.11,25,371207.91000000003,455188.43
ACC00000014,,Fixed Deposit,BR004,3602157.44,50,347826.6,992914.82
ACC00000015,,Savings,BR005,334096.63,10,211692.19,128277.45
ACC00000016,,Fixed Deposit,BR007,4117687.22,25,129956.59999999999,401991.01
ACC00000017,,Current,BR014,213548.29,10,186021.15,53267.399999999994
ACC00000018,Kritika Tandon,Savings,BR017,312514.74,25,314365.12,475589.71
ACC00000019,Kritika Tandon,Savings,BR011,301884.82,25,81803.57,652684.25
ACC00000020,Kritika Tandon,Fixed Deposit,BR007,2269779.18,50,886959.13,1050186.81
ACC00000021,Maanas Chahal,Current,BR018,368213.32,50,552046.4299999999,1124231.63
ACC00000022,Advik Wason,Fixed Deposit,BR017,3806822.5,25,45377.37,583572.0
ACC00000023,Bhavna Talwar,Fixed Deposit,BR008,2679561.01,25,111634.32999999999,506218.77999999997
ACC00000024,,Fixed Deposit,BR008,3412266.17,50,583631.67,772390.32
ACC00000025,,Current,BR013,389370.5,25,189888.58,454736.57
ACC00000026,Rayaan Kata,Current,BR019,1046075.83,25,373865.42,452236.84
ACC00000027,Rayaan Kata,Savings,BR013,453821.57,25,269976.26999999996,388769.28
ACC00000029,Gayathri Mahal,Fixed Deposit,BR015,4463644.71,10,50776.96,161811.65
ACC00000030,Omisha Oommen,Savings,BR009,415182.62,50,646066.85,767670.7
ACC00000031,,Current,BR001,1023932.79,50,598170.95,623572.91
ACC00000032,,Current,BR011,1600591.53,25,169738.13,397549.29
ACC00000033,,Current,BR008,470632.15,25,131354.27000000002,376582.41000000003
ACC00000034,,Current,BR005,985842.38,10,21728.940000000002,159487.21
ACC00000035,,Savings,BR019,185787.83,10,11164.220000000001,278731.45
ACC00000036,,Fixed Deposit,BR017,2458390.93,25,37122.090000000004,413553.25
ACC00000037,,Current,BR001,1313132.31,10,46969.18,203850.79
ACC00000039,Wriddhish Parikh,Savings,BR007,414436.74,50,378642.06,763196.45
ACC00000040,Azad Munshi,Savings,BR007,151452.28,25,516651.64,456022.53
ACC00000041,Bhavini Sidhu,Savings,BR019,402363.37,25,157992.5,630961.94
ACC00000042,,Current,BR012,469586.78,25,450631.34,417661.46
ACC00000043,,Fixed Deposit,BR004,685079.84,50,291376.27,1002183.47
ACC00000044,Maanav Sandal,Savings,BR012,6881.18,10,283969.64999999997,77478.58
ACC00000045,Maanav Sandal,Savings,BR017,216735.07,25,138895.95,514188.5
ACC00000046,,Fixed Deposit,BR002,4350029.19,50,656078.38,633670.14
ACC00000048,Zaid Shankar,Savings,BR008,493149.82,50,522344.83999999997,758287.92
ACC00000050,,Current,BR016,252244.93,25,191794.94,320366.26
ACC00000051,,Fixed Deposit,BR007,3021307.02,25,250968.58,559559.6900000001
ACC00000052,,Fixed Deposit,BR017,3660161.15,10,122350.37,137513.8
ACC00000053,Hardik Loke,Current,BR004,392789.76,25,213509.66,369690.04
ACC00000054,Hardik Loke,Current,BR017,414129.43,25,436921.71,383485.44
ACC00000055,Ranbir Boase,Current,BR012,797649.49,10,6408.71,167081.95
ACC00000056,Ranbir Boase,Fixed Deposit,BR019,615861.94,25,254339.0,560959.33
ACC00000057,,Savings,BR002,149333.6,50,104292.14,1085574.58
ACC00000058,Barkha Pathak,Current,BR013,1883365.53,10,39306.8,86508.32
ACC00000059,Lavanya Srinivas,Current,BR016,501576.41,25,252266.59,272543.27
ACC00000060,Ryan Pillai,Savings,BR004,305401.17,50,351703.02,889337.47
ACC00000061,Ryan Pillai,Savings,BR015,403212.41,25,385668.65,246770.08000000002
ACC00000062,Rohan Bains,Current,BR015,347672.91,10,100302.19,135217.89
ACC00000064,,Fixed Deposit,BR011,4248492.51,50,669718.8,1109657.98
ACC00000065,Siya Varughese,Savings,BR016,359844.2,10,7442.55,191340.47
ACC00000066,Siya Varughese,Savings,BR015,30820.67,25,212474.74,442988.93
ACC00000067,Siya Varughese,Fixed Deposit,BR010,3832235.4,10,3678.42,162917.84
ACC00000068,,Current,BR014,106243.96,10,69743.87,221665.61
ACC00000069,,Savings,BR006,135726.61,25,114838.29,357253.64
ACC00000070,,Savings,BR013,199158.54,25,252566.93,280483.48
ACC00000071,,Fixed Deposit,BR008,2807727.74,50,504185.85,975369.7000000001
ACC00000073,Kalpit Mangat,Fixed Deposit,BR004,927199.68,25,16327.220000000001,693492.42
ACC00000074,Kalpit Mangat,Current,BR019,86857.2,25,73624.51000000001,378077.83
ACC00000075,Kalpit Mangat,Current,BR015,1405759.08,10,46440.19,172582.5
ACC00000076,,Savings,BR010,259676.32,10,285031.59,88913.83
ACC00000077,Girindra Bajaj,Savings,BR010,265875.18,25,397922.36,444261.59
ACC00000078,Anya Sheth,Fixed Deposit,BR017,3188955.52,25,402736.91000000003,463648.86
ACC00000079,,Savings,BR006,102062.56,10,805.59,263919.67
ACC00000080,,Fixed Deposit,BR002,329876.86,25,374513.63,378730.64
ACC00000081,Samar Swamy,Current,BR020,657620.12,50,570237.61,1070506.58
ACC00000082,,Current,BR011,1985054.52,50,604094.84,791775.0
ACC00000083,,Fixed Deposit,BR006,3442712.53,25,336295.31999999995,419012.95999999996
ACC00000085,Jonathan Sama,Fixed Deposit,BR006,3781026.7,10,12008.380000000001,93649.75
ACC00000086,Nisha Dugal,Fixed Deposit,BR002,2822878.69,25,31997.379999999997,485700.04
ACC00000087,,Current,BR013,1889600.83,25,312850.36,262570.05
ACC00000088,Dev Sandal,Current,BR006,608352.21,10,135596.8,155937.74
ACC00000089,Yochana Nagi,Current,BR016,65447.2,50,825198.04,800659.26
ACC00000090,,Current,BR009,701878.03,25,461553.35000000003,456020.78
ACC00000091,Lekha Rajan,Fixed Deposit,BR017,3137683.67,50,612355.79,610531.56
ACC00000092,Lekha Rajan,Current,BR014,1466930.69,25,317809.15,335607.3
ACC00000093,,Fixed Deposit,BR001,3397141.66,10,3847.14,215889.63
ACC00000094,,Fixed Deposit,BR001,602801.23,50,145887.84,989225.0599999999
ACC00000095,,Current,BR013,1092006.87,25,292270.68,456406.85
ACC00000096,Chandani Batta,Current,BR011,155196.84,10,270526.52999999997,109538.83
ACC00000097,Chandani Batta,Savings,BR016,262527.04,25,232923.55,492328.76
ACC00000098,,Savings,BR010,105197.6,10,18150.72,90693.90999999999
ACC00000099,,Savings,BR003,305014.33,50,844820.3,827695.89
ACC00000100,,Savings,BR018,426046.4,50,598547.99,801759.04
ACC00000101,,Savings,BR010,334199.6,25,340156.72,376979.13
ACC00000102,,Fixed Deposit,BR011,4076482.46,25,64813.39,490621.13
ACC00000103,Hardik Batra,Current,BR013,653582.6,25,512898.87,236242.71000000002
ACC00000104,Upasna Taneja,Savings,BR011,468294.49,25,371248.89,365283.67
ACC00000105,Osha Buch,Current,BR001,657592.03,25,144471.97999999998,402355.55
ACC00000106,Osha Buch,Current,BR004,482122.66,25,144291.2,556362.14
ACC00000107,,Fixed Deposit,BR020,3253320.68,25,174355.78,759620.11
ACC00000108,,Fixed Deposit,BR012,4654155.72,25,87758.99,517938.17
ACC00000109,,Fixed Deposit,BR015,4807704.93,50,505884.72000000003,526108.41
ACC00000110,Tanvi Ravel,Savings,BR003,64357.69,25,349367.75,335162.76
ACC00000111,Bimala Ramachandran,Current,BR016,1931381.09,50,189792.49,748765.59
ACC00000112,Bimala Ramachandran,Savings,BR014,100561.13,25,279541.69,365852.82
ACC00000113,Bimala Ramachandran,Savings,BR010,467172.6,10,147871.33000000002,249764.4
ACC00000114,Akshay Pall,Savings,BR018,326931.79,50,411798.04,834784.9
ACC00000115,Nathaniel Chowdhury,Fixed Deposit,BR012,4072972.44,10,59361.380000000005,112568.7
ACC00000116,Nathaniel Chowdhury,Savings,BR016,187654.11,10,17167.02,50958.07
ACC00000117,Vasudha Karnik,Savings,BR020,476978.51,25,279910.83,552409.28
ACC00000118,Vasudha Karnik,Current,BR008,335890.08,25,152990.75,423780.94
ACC00000119,,Current,BR019,144906.2,25,541688.47,429074.24
ACC00000120,,Current,BR006,1798851.88,25,395931.46,304521.81
ACC00000121,Zashil Rastogi,Savings,BR001,138377.77,25,225929.04,509122.77
ACC00000122,Sathvik Magar,Fixed Deposit,BR018,1347626.09,10,94448.5,63446.16
ACC00000123,Sathvik Magar,Current,BR016,1963700.41,50,978499.59,784889.06
ACC00000124,Sathvik Magar,Current,BR005,1666792.4,25,340384.25,327738.6
ACC00000125,,Fixed Deposit,BR003,126119.67,50,547317.63,871043.4500000001
ACC00000126,Warjas Murthy,Current,BR013,842757.26,25,339664.08,328233.33999999997
ACC00000127,Warjas Murthy,Current,BR019,1770005.39,50,460105.08,735184.17
ACC00000128,Baljiwan Sule,Savings,BR012,490026.13,10,153720.53,199165.13
ACC00000129,,Savings,BR019,417251.93,10,162664.38,126340.91
ACC00000132,Vincent Jain,Current,BR005,1257625.95,25,275452.49,515211.12
ACC00000133,Nisha Mohanty,Fixed Deposit,BR015,3519853.25,50,360280.43,816332.04
ACC00000134,Nisha Mohanty,Savings,BR006,347219.28,50,746525.26,852231.24
ACC00000135,Nisha Mohanty,Fixed Deposit,BR019,2459848.0,50,421718.36,727004.42
ACC00000136,,Current,BR005,1411535.84,50,531523.15,1107284.69
ACC00000137,,Savings,BR012,150872.62,50,627019.16,639822.56
ACC00000139,Falguni Saha,Fixed Deposit,BR006,2830526.97,10,24220.72,64122.17
ACC00000140,,Current,BR017,1057325.8,50,631079.59,859742.11
ACC00000141,,Fixed Deposit,BR003,2515517.69,25,269183.0,478318.14
ACC00000142,Laksh Talwar,Current,BR006,306564.33,25,210562.38,496586.87
ACC00000143,,Savings,BR020,467653.65,50,636659.86,840877.5
ACC00000144,,Savings,BR007,59232.98,25,296964.74,359216.80000000005
ACC00000145,,Fixed Deposit,BR001,4959111.36,25,205505.72,440110.61
ACC00000146,Amaira Jani,Current,BR015,1740358.7,50,397551.28,1070455.83
ACC00000147,Amaira Jani,Current,BR009,1449123.23,10,41353.00000000001,126588.93
ACC00000148,,Current,BR017,465305.32,50,461731.22,853244.9400000001
ACC00000149,,Current,BR005,1078747.12,10,18199.69,151596.15000000002
ACC00000150,,Fixed Deposit,BR005,619991.55,50,403492.0,979308.09
ACC00000151,,Savings,BR001,162026.0,25,433720.41,294931.20999999996
ACC00000152,David Sastry,Fixed Deposit,BR006,3335428.97,50,473395.36,1128592.37
ACC00000153,Lohit Sundaram,Current,BR006,663828.21,25,42969.61,476637.02
ACC00000155,Rachit Shan,Savings,BR015,296985.84,10,174119.21,128694.37000000001
ACC00000156,,Current,BR010,125273.61,25,161565.38,387335.94
ACC00000157,Kritika Jain,Current,BR001,905834.16,10,123153.02,57539.39
ACC00000158,Kritika Jain,Fixed Deposit,BR010,3886685.72,25,656330.66,349234.3
ACC00000159,,Current,BR017,43640.01,25,61781.840000000004,574660.51
ACC00000160,,Savings,BR016,408320.71,25,253662.69,611606.68
ACC00000161,Varsha Bhavsar,Current,BR009,1306605.22,25,117599.14,281897.71
ACC00000162,,Savings,BR001,69963.9,25,494121.22,425382.10000000003
ACC00000163,,Fixed Deposit,BR005,2214168.46,10,35720.35,294841.97
ACC00000164,,Savings,BR014,228363.47,25,84214.29,315871.61
ACC00000165,Omkaar Basak,Current,BR015,1334610.83,25,161010.39,532434.76
ACC00000166,Omkaar Basak,Current,BR005,1158454.29,25,206334.57,294387.76
ACC00000167,Omkaar Basak,Current,BR014,185583.77,50,641860.38,891291.98
ACC00000168,Aarush Dani,Current,BR001,1505375.19,25,219136.47999999998,506486.54000000004
ACC00000169,,Savings,BR015,479562.06,10,46121.87,180099.61
ACC00000170,Abha Barman,Current,BR011,368159.22,50,785429.59,786036.0599999999
ACC00000171,Abha Barman,Current,BR003,730217.76,25,160224.53999999998,553284.3
ACC00000172,Abha Barman,Fixed Deposit,BR020,1103115.67,10,128298.09000000001,194917.51
ACC00000173,,Savings,BR009,265167.53,25,116552.59999999999,467990.13
ACC00000174,Warjas Comar,Savings,BR004,205360.21,10,20624.53,209722.34
ACC00000175,Warjas Comar,Savings,BR002,266111.92,50,601036.05,726937.49
ACC00000176,Warjas Comar,Fixed Deposit,BR004,3624964.63,10,163547.72999999998,218912.12
ACC00000177,Falak Amble,Fixed Deposit,BR017,1463873.81,50,546020.91,1148106.67
ACC00000178,Falak Amble,Current,BR010,1245263.09,10,65455.78,131269.56
ACC00000179,Upma Sarraf,Current,BR012,1019974.1,25,337940.63,366394.95
ACC00000180,Ubika Dora,Current,BR014,1989959.04,25,127304.51999999999,419688.96
ACC00000181,Ubika Dora,Fixed Deposit,BR019,1702515.87,10,118499.94,222878.02
ACC00000182,,Fixed Deposit,BR004,2701477.4,25,5537.52,390381.77
ACC00000183,Ojas Memon,Savings,BR013,478723.38,10,181528.38999999998,197704.7
ACC00000184,,Savings,BR016,287787.6,25,208099.69,521914.12
ACC00000185,Alka Bhavsar,Current,BR008,385401.92,10,100015.37999999999,206914.88
ACC00000186,Nirja Sachdeva,Fixed Deposit,BR005,3166172.5,50,631375.8099999999,820591.61
ACC00000187,,Fixed Deposit,BR006,2844380.23,10,235074.16,130659.0
ACC00000188,Shaurya Mital,Savings,BR018,52807.89,25,337304.2,393283.42
ACC00000189,Shaurya Mital,Fixed Deposit,BR014,2348655.37,50,688448.52,726639.01
ACC00000190,,Current,BR015,1213592.01,10,44241.78,289585.43
ACC00000191,,Fixed Deposit,BR005,938503.1,10,240178.37,99734.92
ACC00000193,,Fixed Deposit,BR009,2841983.16,25,216013.61,460062.72
ACC00000194,Ubika Gupta,Current,BR018,385543.43,25,200743.47999999998,631572.6799999999
ACC00000195,Ubika Gupta,Fixed Deposit,BR006,4561712.7,50,284534.66,938313.98
ACC00000196,Ubika Gupta,Fixed Deposit,BR016,4946596.5,50,793217.8099999999,749024.92
ACC00000197,Reyansh Gupta,Fixed Deposit,BR001,3159244.26,25,531129.53,282515.62
ACC00000198,,Fixed Deposit,BR002,4752689.25,50,248003.92,740845.01
ACC00000199,,Current,BR010,325205.67,50,109833.14,1088075.01
ACC00000200,Aradhana Mallick,Savings,BR011,103268.32,10,104752.98000000001,195580.51
ACC00000201,,Fixed Deposit,BR011,3442031.7,10,154228.41999999998,191868.77
ACC00000202,Rishi Kant,Fixed Deposit,BR013,1509050.78,25,557685.1,288242.69
ACC00000203,Rishi Kant,Savings,BR007,493556.94,50,442521.17000000004,1052380.02
ACC00000204,Faras Bath,Fixed Deposit,BR005,1098271.19,25,331620.01,309163.26
ACC00000205,Faras Bath,Fixed Deposit,BR005,3822798.02,25,118387.27,436415.51
ACC00000206,,Fixed Deposit,BR019,1014723.64,25,312772.89999999997,490027.04000000004
ACC00000207,,Current,BR013,726919.78,25,112135.2,472349.08999999997
ACC00000208,Kai Bains,Current,BR016,995731.96,25,211926.74000000002,248412.14
ACC00000209,Kai Bains,Savings,BR017,314564.62,25,90041.12,467813.82
ACC00000210,,Fixed Deposit,BR013,2546340.14,25,402684.93000000005,470651.62
ACC00000211,Zashil Kala,Current,BR008,1051111.27,25,327371.71,445161.07
ACC00000212,,Savings,BR014,78481.51,50,642361.55,872047.89
ACC00000213,,Current,BR019,94722.13,50,560154.66,1013265.77
ACC00000214,Praneel Madan,Savings,BR019,142168.66,10,134184.06,151423.37
ACC00000215,Ojasvi Mani,Current,BR007,476916.55,10,50311.229999999996,170398.2
ACC00000216,Ojasvi Mani,Current,BR017,872492.63,50,352955.17,963947.27
ACC00000217,,Current,BR011,707207.71,25,171351.47999999998,540674.36
ACC00000218,,Current,BR008,1529702.26,25,194959.84,395641.39
ACC00000219,,Current,BR018,1506216.15,10,49887.68,338292.52
ACC00000220,,Fixed Deposit,BR018,1964253.94,50,561955.76,687632.76
ACC00000221,,Current,BR018,218276.39,50,275110.63,1173102.71
ACC00000222,Adweta Dayal,Fixed Deposit,BR007,4002074.95,10,26612.01,213477.81
ACC00000223,Chatresh Shere,Savings,BR017,188143.02,25,265662.08,626778.97
ACC00000224,Chatresh Shere,Current,BR001,1889061.09,50,881123.3,620630.1
ACC00000225,,Current,BR015,648727.57,25,377157.18,353694.58999999997
ACC00000226,,Savings,BR007,297672.03,50,402163.19,762965.87
ACC00000227,Aarnav Saran,Current,BR006,31319.75,50,781487.75,655249.37
ACC00000228,,Fixed Deposit,BR003,2152325.82,10,262772.51,321070.34
ACC00000229,Ishanvi Dewan,Fixed Deposit,BR001,4540750.62,50,488588.0,794882.04
ACC00000230,Jeevika Deep,Current,BR006,1639373.67,50,551551.25,905332.0499999999
ACC00000231,Jeevika Deep,Savings,BR013,445175.86,50,274335.59,978205.11
ACC00000232,Pooja Mane,Savings,BR020,147047.87,25,123840.56,330554.3
ACC00000233,Pooja Mane,Fixed Deposit,BR012,4331974.82,10,11260.39,250197.84
ACC00000234,Yashvi Dara,Savings,BR009,495116.63,25,136642.13,412955.53
ACC00000235,Yashvi Dara,Savings,BR011,86692.75,25,329604.97,480302.3
ACC00000236,Yashvi Dara,Savings,BR015,356917.6,50,288478.69,936710.72
ACC00000237,Amaira Bhatnagar,Fixed Deposit,BR015,4526805.67,25,42667.59,835856.53
ACC00000238,Mahika Patla,Fixed Deposit,BR005,2014409.64,10,7816.17,166182.03
ACC00000240,,Current,BR013,70021.82,10,45678.28,65701.17000000001
ACC00000241,,Savings,BR019,361367.64,10,111937.35,74372.05
ACC00000242,,Savings,BR009,73694.36,10,116710.76999999999,75354.09999999999
ACC00000245,,Savings,BR012,364952.61,25,219971.37,388406.43
ACC00000246,,Fixed Deposit,BR017,2701464.57,25,10074.75,428981.42
ACC00000247,,Savings,BR008,415830.57,50,635914.81,1017168.51
ACC00000248,Alka Kari,Savings,BR004,197190.62,50,648704.35,839529.56
ACC00000249,Alka Kari,Fixed Deposit,BR013,1640600.15,25,373252.32,297788.93
ACC00000250,Alka Kari,Savings,BR013,229595.36,50,672166.22,617775.53
ACC00000251,Warhi Dube,Fixed Deposit,BR011,2902720.22,50,487395.4,1041470.98
ACC00000253,,Fixed Deposit,BR005,4625491.01,25,377223.94,644254.14
ACC00000254,Charles Bail,Savings,BR007,70149.64,10,125848.17,229302.15
ACC00000256,Lipika Bhagat,Savings,BR011,190068.32,25,322288.71,303812.82
ACC00000257,Lipika Bhagat,Fixed Deposit,BR013,1360233.95,25,263095.46,488900.85
ACC00000258,,Savings,BR011,207194.33,25,107949.81,324949.99
ACC00000259,,Savings,BR003,492711.26,25,315990.06,383552.33999999997
ACC00000260,,Current,BR004,1666815.32,50,453354.85,857362.3
ACC00000261,,Savings,BR005,23063.47,10,49277.12,103898.67
ACC00000262,,Current,BR011,1919152.45,10,13112.66,272497.27
ACC00000263,Ayush Karpe,Savings,BR007,482856.64,50,336100.74,812023.92
ACC00000264,,Savings,BR018,454231.36,50,843914.53,529740.9
ACC00000265,Wakeeta Pau,Fixed Deposit,BR012,3956975.96,50,457188.11,1054830.71
ACC00000266,Jeevika Garg,Current,BR015,1601966.18,25,381658.08,408421.17
ACC00000267,Jeevika Garg,Savings,BR008,249841.69,25,358661.02,333111.03
ACC00000268,,Fixed Deposit,BR020,1261283.84,25,549279.88,318027.61
ACC00000269,,Savings,BR004,420835.83,25,207212.9,366537.85
ACC00000270,Laksh Bassi,Fixed Deposit,BR015,3392059.8,25,259276.52,610685.78
ACC00000271,Dominic Upadhyay,Current,BR016,1640519.13,25,583973.01,292673.04
ACC00000272,Falak Dani,Fixed Deposit,BR012,885574.02,25,169242.15,611425.34
ACC00000273,Libni Muni,Savings,BR020,130666.48,25,101654.02,471410.38
ACC00000274,Xavier Kala,Current,BR020,1294079.71,25,198067.87,337075.88
ACC00000275,Xavier Kala,Current,BR011,1266187.09,25,347843.46,368418.31
ACC00000276,Lila Panchal,Savings,BR002,70725.95,25,133277.18000000002,394095.83999999997
ACC00000277,Lila Panchal,Fixed Deposit,BR020,4219984.68,10,13593.54,192403.45
ACC00000278,Anthony Puri,Savings,BR009,170849.04,50,373146.64999999997,480708.17000000004
ACC00000279,,Fixed Deposit,BR006,104920.73,50,537076.72,870711.16
ACC00000280,,Current,BR012,1747571.89,25,470487.22,494703.5
ACC00000281,,Savings,BR019,83403.44,25,310118.99,390069.45
ACC00000282,,Current,BR014,1618130.49,50,581300.69,1133875.82
ACC00000283,,Savings,BR004,426466.33,10,152622.77,167649.28
ACC00000284,Charvi Sinha,Current,BR011,877284.42,25,439527.18,506496.71
ACC00000285,,Fixed Deposit,BR014,4069786.87,10,80314.73000000001,246097.51
ACC00000287,Harshil Baral,Current,BR016,29381.91,10,7834.66,160700.9
ACC00000288,Garima Majumdar,Savings,BR012,114602.2,50,565288.76,663323.88
ACC00000289,Garima Majumdar,Fixed Deposit,BR011,989475.24,50,750439.74,843886.46
ACC00000290,Sara Shetty,Savings,BR007,353276.85,10,228843.24,104014.47
ACC00000291,Sara Shetty,Current,BR003,742682.11,10,45601.94,155003.51
ACC00000292,Lajita Madan,Fixed Deposit,BR001,684926.5,25,441273.62,296474.79
ACC00000293,Elijah Kurian,Fixed Deposit,BR005,397542.74,50,402909.55,1145120.82
ACC00000294,Tanvi Bose,Fixed Deposit,BR011,1762356.24,10,40073.38,205181.18
ACC00000295,Chanakya Palla,Savings,BR016,81900.65,10,70592.87000000001,115323.22
ACC00000296,,Fixed Deposit,BR017,273700.77,50,391090.24,1091694.81
ACC00000297,Nikita Talwar,Current,BR011,582856.13,10,13547.619999999999,120871.34999999999
ACC00000298,Devika Chandran,Current,BR008,1548361.03,50,326125.89,945253.39
ACC00000299,Devika Chandran,Current,BR011,1351374.93,25,178434.23,341499.58999999997
ACC00000300,Bimala Kapoor,Fixed Deposit,BR016,1607198.59,50,647989.38,833561.51
ACC00000301,Kevin Dara,Fixed Deposit,BR011,2404549.46,25,275974.48000000004,379982.78
ACC00000302,Jagat Nigam,Current,BR003,1732170.56,50,319428.55,894309.59
ACC00000304,Yochana Dewan,Fixed Deposit,BR014,2612703.39,10,329349.63,166647.05
ACC00000305,,Fixed Deposit,BR015,2722009.99,25,239402.82,407643.74
ACC00000306,,Fixed Deposit,BR017,4073575.38,25,288719.71,295270.69
ACC00000308,Joshua Mistry,Fixed Deposit,BR005,4884159.48,25,314094.89,370026.58
ACC00000309,Joshua Mistry,Current,BR016,703615.34,10,137539.69,207212.23
ACC00000310,Udyati Walia,Fixed Deposit,BR011,1546635.56,10,86406.25,239193.58000000002
ACC00000311,Yutika Patla,Current,BR015,1100175.66,10,227967.81,77130.07
ACC00000312,Yutika Patla,Fixed Deposit,BR010,4008876.91,50,690313.8099999999,713515.27
ACC00000314,Manthan Tak,Savings,BR013,346622.35,25,135506.36000000002,405580.74000000005
ACC00000315,,Fixed Deposit,BR010,2954923.6,25,355513.23000000004,395565.75
ACC00000317,Baghyawati Mukherjee,Savings,BR012,432420.43,25,558420.99,293732.92
ACC00000318,Baghyawati Mukherjee,Fixed Deposit,BR001,2044488.36,10,160373.8,125373.69
ACC00000319,Inaya Thakur,Fixed Deposit,BR019,2686710.58,25,159387.53999999998,330217.1
ACC00000320,Inaya Thakur,Current,BR005,819615.48,50,666063.0900000001,810780.69
ACC00000321,Inaya Thakur,Savings,BR004,233750.35,10,187476.47,64004.9
ACC00000322,Qushi Sachdev,Current,BR016,1759005.84,10,104693.65999999999,154697.66999999998
ACC00000323,Qushi Sachdev,Savings,BR008,257516.77,25,283393.10000000003,338673.79
ACC00000324,Yutika Deo,Fixed Deposit,BR020,3000168.68,25,141114.47999999998,469591.94
ACC00000325,Yutika Deo,Savings,BR018,428164.82,25,181053.97999999998,394057.32
ACC00000326,Tejas Sridhar,Current,BR009,1554471.08,25,175056.44,396299.28
ACC00000327,Tejas Sridhar,Current,BR009,1517994.51,25,269132.5,429963.12
ACC00000329,Lila Chaudhry,Fixed Deposit,BR018,1747955.93,25,225324.9,485472.81
ACC00000330,Lila Chaudhry,Current,BR007,459394.69,50,798804.08,638628.15
ACC00000331,Advik Peri,Savings,BR007,115625.61,10,528.68,376495.98000000004
ACC00000332,,Current,BR004,1927517.6,25,138777.35,367976.86
ACC00000333,Mohini Zachariah,Current,BR018,210602.56,25,272771.69,290133.49
ACC00000334,Mohini Zachariah,Fixed Deposit,BR001,207707.75,50,470936.08,729394.1
ACC00000335,Oscar Ganguly,Savings,BR020,167558.8,25,822279.91,316058.3
ACC00000337,Kavya Bhargava,Fixed Deposit,BR007,2062507.7,25,268934.46,383847.52
ACC00000338,Chatresh Singh,Fixed Deposit,BR009,498802.15,50,283808.37,999459.05
ACC00000339,Mekhala Bose,Fixed Deposit,BR019,780233.32,50,811373.51,579281.97
ACC00000340,Mekhala Bose,Savings,BR019,149565.0,25,98748.56,554948.73
ACC00000341,Kashish Bala,Current,BR009,1680624.94,50,371493.57,949439.14
ACC00000342,Kashish Bala,Savings,BR009,253799.45,50,351726.37,945319.68
ACC00000343,Samuel Majumdar,Savings,BR017,348078.12,50,647663.81,781071.07
ACC00000344,Samuel Majumdar,Fixed Deposit,BR003,1654694.76,25,549581.84,386961.75
ACC00000345,Anvi Deshmukh,Fixed Deposit,BR004,4593869.47,50,329038.38,612354.17
ACC00000346,Anvi Deshmukh,Current,BR003,1995793.33,50,807270.39,651403.24
ACC00000347,Chasmum Ratti,Fixed Deposit,BR011,2965447.14,50,948495.54,814832.55
ACC00000348,Bina Lal,Current,BR019,487251.5,10,81288.09,105200.3
ACC00000349,Bina Lal,Fixed Deposit,BR013,3831829.16,50,531176.97,561243.59
ACC00000351,Manbir Singhal,Fixed Deposit,BR004,2297120.95,25,72330.94,503208.15
ACC00000352,,Fixed Deposit,BR002,816094.07,10,11073.89,143883.41
ACC00000353,,Fixed Deposit,BR009,4964680.45,50,412254.58,1048979.59
ACC00000354,,Savings,BR009,36679.39,10,28025.73,245329.64
ACC00000355,Abha Contractor,Fixed Deposit,BR020,663414.79,10,63105.45,150609.38
ACC00000356,Ethan Munshi,Fixed Deposit,BR002,4316144.88,50,761941.55,583820.26
ACC00000357,Ethan Munshi,Savings,BR018,101487.65,25,272230.93,589041.68
ACC00000358,Aryan Modi,Current,BR012,1737133.88,50,600268.13,600192.84
ACC00000359,,Current,BR013,996177.17,50,750321.9400000001,671531.92
ACC00000360,,Current,BR016,1573737.08,25,202980.37,498704.33999999997
ACC00000361,,Current,BR005,1173997.62,25,248317.03,377133.32
ACC00000363,Adya Kothari,Current,BR006,272803.96,50,535584.89,848426.09
ACC00000364,Adya Kothari,Current,BR003,99291.25,10,182588.63,162555.31
ACC00000365,,Fixed Deposit,BR009,283486.98,25,140811.12,286727.04000000004
ACC00000366,,Savings,BR007,255151.33,25,182935.01,310247.47
ACC00000367,Vasatika Master,Savings,BR015,430229.47,25,168888.32,317741.59
ACC00000368,Oviya Dhingra,Fixed Deposit,BR019,4952872.04,25,333145.77,382580.37
ACC00000369,,Current,BR011,261182.94,50,594939.58,595808.75
ACC00000370,,Savings,BR013,290772.51,25,221223.32,380711.44
ACC00000372,,Savings,BR006,419436.69,25,217040.88,336992.58
ACC00000373,Ranbir Nagar,Fixed Deposit,BR018,1280099.88,25,48879.05,591344.25
ACC00000374,George Mallick,Current,BR006,1745921.37,10,116090.45999999999,113417.65
ACC00000376,,Fixed Deposit,BR002,4057849.88,25,266737.35,246476.84
ACC00000377,,Current,BR018,516459.68,50,740412.24,605057.19
ACC00000378,,Savings,BR019,81815.51,25,450929.0,324142.92
ACC00000379,,Savings,BR004,416355.21,50,682853.88,779030.04
ACC00000380,,Fixed Deposit,BR020,1515731.66,25,287046.42000000004,290453.82
ACC00000381,,Current,BR002,1756200.72,25,530439.0700000001,286100.88
ACC00000383,,Current,BR014,1653620.68,50,631607.45,681797.44
ACC00000384,Falguni Kashyap,Current,BR009,1941510.2,25,56921.600000000006,524535.12
ACC00000385,Quincy Patla,Current,BR008,1062740.2,50,493243.92,962930.4199999999
ACC00000386,Quincy Patla,Fixed Deposit,BR005,2302785.07,50,256230.37,622477.1799999999
ACC00000387,Krishna Srinivas,Fixed Deposit,BR013,4335061.25,50,509025.15,908281.83
ACC00000388,,Fixed Deposit,BR018,2100591.86,25,225048.36000000002,615935.1699999999
ACC00000389,,Current,BR008,1461735.16,25,475135.38,342082.3
ACC00000390,,Savings,BR020,11052.41,10,1163.68,194277.29
ACC00000391,Reva Hayer,Fixed Deposit,BR014,1354427.57,25,105311.71999999999,444799.59
ACC00000392,Christopher Wason,Current,BR002,1565241.86,10,103051.69,173472.24
ACC00000393,Christopher Wason,Savings,BR013,458599.55,25,175193.1,446589.35
ACC00000394,,Fixed Deposit,BR012,2126252.05,25,301402.19,298190.05
ACC00000395,,Current,BR006,1495683.54,10,26228.32,149102.27000000002
ACC00000396,,Current,BR018,522068.44,25,51690.32,381702.32
ACC00000398,,Fixed Deposit,BR008,455273.12,10,89409.73999999999,301602.81
ACC00000399,,Current,BR020,1625919.97,25,472569.66000000003,304466.23
ACC00000400,Edhitha Panchal,Current,BR005,775435.6,25,245522.19999999998,402779.02
ACC00000401,Edhitha Panchal,Current,BR019,898444.71,25,342330.32,333483.57
ACC00000402,,Current,BR004,1131093.92,10,65026.369999999995,299462.86
ACC00000403,Sai Anand,Current,BR009,951474.29,10,239578.65,126608.85
ACC00000404,Sai Anand,Current,BR014,47471.63,25,270356.12,543161.41
ACC00000405,Sai Anand,Savings,BR003,49824.24,50,647451.99,901206.89
ACC00000406,,Savings,BR006,329730.88,50,499220.04000000004,610858.88
ACC00000407,,Fixed Deposit,BR006,3560192.75,25,641452.7000000001,391995.57
ACC00000408,,Savings,BR005,242605.65,50,428305.36,912544.25
ACC00000409,,Savings,BR015,325065.46,50,572197.36,926082.41
ACC00000410,,Savings,BR004,395264.55,10,299588.82,173633.54
ACC00000411,Vinaya Lala,Fixed Deposit,BR011,204497.95,50,565416.03,1012059.13
ACC00000412,Faraj Bhalla,Fixed Deposit,BR002,3294739.81,25,290916.86,303335.52
ACC00000413,Udant Kalita,Current,BR003,1771522.08,50,382271.98,1118284.54
ACC00000414,Ranveer Hora,Savings,BR002,311383.08,25,329980.73,199661.89
ACC00000415,Tara Oza,Fixed Deposit,BR014,694080.01,10,161615.24,121520.03
ACC00000416,Tara Oza,Fixed Deposit,BR004,2823472.85,25,421685.91,464004.83
ACC00000417,,Current,BR001,774782.13,10,290968.16,281501.88
ACC00000418,Zansi Devan,Savings,BR018,337455.73,50,929787.55,739495.29
ACC00000420,Zansi Devan,Savings,BR012,13267.0,10,15054.0,116246.41
ACC00000421,Kiaan Agate,Fixed Deposit,BR006,1339881.18,25,361692.52,294748.82
ACC00000422,Kiaan Agate,Current,BR004,1136878.86,50,358583.01,988994.0
ACC00000423,,Fixed Deposit,BR010,4276166.43,25,273879.49,463773.46
ACC00000424,,Fixed Deposit,BR002,1289436.24,10,265442.39,126425.76
ACC00000425,Chaaya Bajaj,Current,BR010,1864668.22,50,799553.91,648050.02
ACC00000426,Pushti Rau,Savings,BR019,119611.73,10,38818.28,329757.48
ACC00000427,Pushti Rau,Savings,BR012,464425.83,50,514684.98,811133.43
ACC00000428,,Savings,BR011,265096.83,10,86253.46,30442.35
ACC00000429,,Savings,BR014,246475.43,25,172592.97,412111.95
ACC00000430,Ranbir Virk,Fixed Deposit,BR006,4773575.46,50,523652.26,709551.85
ACC00000431,Chatura Sule,Current,BR018,596057.39,10,36548.72,248372.43
ACC00000432,Chatura Sule,Savings,BR005,1962.44,25,155474.13,478490.87
ACC00000433,,Savings,BR019,18792.63,50,600091.97,825316.64
ACC00000434,,Savings,BR019,369043.77,10,164633.08000000002,178622.3
ACC00000435,,Savings,BR016,148580.82,25,162640.87,506033.9
ACC00000436,Wahab Pillay,Savings,BR006,342414.69,25,219124.5,570237.95
ACC00000437,Libni Kamdar,Current,BR003,603433.91,25,112095.12000000001,551840.9
ACC00000438,Libni Kamdar,Fixed Deposit,BR017,436843.84,50,349819.1,1025541.22
ACC00000439,Deepa Thaker,Fixed Deposit,BR005,4648394.37,50,467154.52,1019588.37
ACC00000441,,Fixed Deposit,BR019,750548.18,25,204702.0,418539.18
ACC00000442,,Fixed Deposit,BR013,234378.16,50,375694.19,782031.25
ACC00000443,,Current,BR014,674571.02,25,166404.21,535104.79
ACC00000444,,Fixed Deposit,BR020,4740454.46,25,160863.28999999998,338970.29
ACC00000445,,Fixed Deposit,BR018,1491191.49,25,277168.68,243044.78
ACC00000447,Abhimanyu Bahri,Current,BR001,1829223.95,50,292039.61,986678.28
ACC00000448,,Fixed Deposit,BR002,4086828.66,25,65154.84,401950.58
ACC00000449,,Savings,BR005,274312.68,50,624637.8300000001,1098476.34
ACC00000450,,Savings,BR012,125035.6,25,146783.27,318037.63
ACC00000451,Daksh D’Alia,Current,BR016,660347.09,25,165962.82,452210.77
ACC00000452,Daksh D’Alia,Savings,BR010,180356.39,50,722546.02,870440.51
ACC00000453,,Savings,BR015,293941.52,50,324103.75,1006574.12
ACC00000454,,Current,BR019,599481.46,50,359987.56,989833.47
ACC00000455,Jalsa Narain,Current,BR002,1992548.54,10,167693.16999999998,254134.52
ACC00000456,Jalsa Narain,Savings,BR011,326539.47,25,298346.94,547043.75
ACC00000457,Hema Gara,Current,BR011,630075.26,10,147126.84999999998,166724.66999999998
ACC00000458,Hema Gara,Fixed Deposit,BR013,3852362.74,50,574583.1,971685.1
ACC00000459,Hema Gara,Fixed Deposit,BR003,2378122.1,25,22920.63,575157.87
ACC00000461,Sanya Chaudry,Current,BR004,101636.64,10,28427.269999999997,103097.34
ACC00000462,Sanya Chaudry,Savings,BR018,210407.52,10,262826.69,44102.18
ACC00000463,Nihal Randhawa,Current,BR014,1698528.23,10,19189.29,234275.31
ACC00000464,Forum Upadhyay,Fixed Deposit,BR011,205481.09,10,6054.82,138998.26
ACC00000465,Forum Upadhyay,Current,BR010,1755652.7,10,50172.72,229608.46
ACC00000466,Viraj Minhas,Savings,BR002,473081.83,25,191238.77,419107.54000000004
ACC00000467,,Current,BR006,1729480.7,10,118893.18000000001,154115.95
ACC00000468,,Current,BR003,1154333.66,25,374565.75,479309.87
ACC00000469,Vasana Jani,Current,BR018,539268.5,25,373698.31,434293.97
ACC00000470,Chanchal Bath,Savings,BR006,396866.15,25,440955.72,320947.25
ACC00000471,Indali Barad,Fixed Deposit,BR002,2233978.78,25,187106.28999999998,592553.34
ACC00000472,Indali Barad,Fixed Deposit,BR009,1391670.0,50,279433.1,1247681.0799999998
ACC00000473,Indali Barad,Current,BR016,364623.81,25,194639.74,443589.06
ACC00000474,Theodore Naidu,Current,BR017,1823749.0,25,78311.88,512000.37
ACC00000475,David Buch,Fixed Deposit,BR015,2576891.63,25,151845.84,329764.54
ACC00000477,,Current,BR002,923384.06,25,85810.54,571405.38
ACC00000478,,Savings,BR008,286568.94,25,229292.22000000003,375364.81
ACC00000480,Azaan Om,Savings,BR015,344523.62,25,274272.9,391493.97000000003
ACC00000481,Anirudh Issac,Current,BR001,1199211.82,25,244898.87,377704.6
ACC00000482,,Current,BR013,632445.33,25,419057.98,299541.47000000003
ACC00000483,,Fixed Deposit,BR009,878314.5,25,391395.19,360797.97000000003
ACC00000484,,Fixed Deposit,BR020,3134681.81,25,194544.71,343670.06
ACC00000485,,Current,BR016,1665201.05,25,98363.41,468086.87
ACC00000486,Osha Banik,Current,BR004,1432582.24,25,326681.85,263745.12
ACC00000487,Osha Banik,Savings,BR002,60178.48,50,384349.63,1143168.85
ACC00000488,Abha Ram,Fixed Deposit,BR017,2996650.25,50,624934.9400000001,560598.29
ACC00000489,Abha Ram,Savings,BR002,286540.03,25,192181.15,568691.99
ACC00000490,Dominic Prakash,Fixed Deposit,BR005,4047604.94,25,143940.22999999998,519973.98
ACC00000491,Alexander Sant,Current,BR018,748531.18,50,505244.45999999996,737225.13
ACC00000492,Onveer Sani,Savings,BR004,323409.12,50,568610.61,448546.47000000003
ACC00000493,Onveer Sani,Fixed Deposit,BR009,4036937.82,25,122576.69,514747.02999999997
ACC00000494,Warhi Nadig,Savings,BR001,14646.64,50,729878.02,515742.22
ACC00000495,Warhi Nadig,Fixed Deposit,BR010,92295.49,50,690521.88,766158.02
ACC00000496,,Current,BR006,442691.8,25,362802.45,721781.28
ACC00000497,Manthan Deshmukh,Fixed Deposit,BR009,1484134.34,10,72132.23,106564.8
ACC00000498,Maanav Suresh,Savings,BR003,269483.11,25,476064.81,391121.68
ACC00000499,,Fixed Deposit,BR004,970642.05,10,211595.44999999998,188301.57
ACC00000500,Daksha Deol,Current,BR014,76147.92,10,325280.68,65164.020000000004
ACC00000501,Om Sodhi,Savings,BR008,324725.07,50,404074.15,792752.54
ACC00000502,Om Sodhi,Savings,BR015,361696.87,10,8388.22,231642.36
ACC00000503,,Fixed Deposit,BR004,1821426.77,50,472855.87,1240840.57
ACC00000504,Reva Date,Fixed Deposit,BR001,1174783.79,50,242394.75,1197821.09
ACC00000505,,Current,BR002,18032.08,50,307065.18,1011704.01
ACC00000506,Yashodhara Ramanathan,Savings,BR006,331923.43,50,462729.11,707623.9
ACC00000507,Zarna Raghavan,Savings,BR003,37248.09,10,31691.28,172330.35
ACC00000508,Zarna Raghavan,Current,BR018,1180599.76,25,354527.27,313901.94
ACC00000509,Hiral Rajagopal,Fixed Deposit,BR002,4770049.51,10,42434.619999999995,123746.66
ACC00000510,Hiral Rajagopal,Savings,BR020,16983.07,25,290241.31,283454.98
ACC00000511,Fiyaz Jha,Fixed Deposit,BR004,1617665.67,25,424109.22,501552.34
ACC00000512,,Fixed Deposit,BR007,649421.42,25,45345.45,317994.57
ACC00000513,,Savings,BR017,317863.43,50,587131.25,951166.52
ACC00000515,,Fixed Deposit,BR018,225648.36,25,356138.71,413573.70999999996
ACC00000516,,Savings,BR006,34341.08,25,449343.94,213790.12
ACC00000517,,Savings,BR020,340381.53,50,539029.86,909918.63
ACC00000518,,Current,BR014,1649397.18,25,127575.91,445956.77999999997
ACC00000519,Siya Maharaj,Fixed Deposit,BR001,173946.24,50,687323.65,824112.22
ACC00000520,Siya Maharaj,Fixed Deposit,BR001,4204812.8,10,122009.69,193333.78
ACC00000521,Siya Maharaj,Fixed Deposit,BR009,2764667.87,50,186945.72,1300658.76
ACC00000522,,Savings,BR009,121749.81,25,209987.25,725207.29
ACC00000523,Krisha Hayre,Savings,BR010,253868.3,25,362075.09,462930.87
ACC00000524,Krisha Hayre,Savings,BR013,273571.55,25,178959.42,312288.18
ACC00000526,Darpan Jha,Current,BR002,755896.88,50,592640.41,1195565.68
ACC00000527,Darpan Jha,Fixed Deposit,BR005,4564383.17,25,188790.85,259216.68
ACC00000528,Darpan Jha,Savings,BR010,445317.55,25,359273.47,233657.0
ACC00000529,Ria Parsa,Savings,BR016,483048.24,25,691443.02,212010.93
ACC00000530,Rohan Natarajan,Current,BR004,1079442.77,10,125672.23000000001,197337.57
ACC00000531,Rohan Natarajan,Savings,BR008,392915.03,25,613578.54,358736.28
ACC00000532,Gavin Savant,Savings,BR006,328330.38,50,847009.24,990335.1
ACC00000533,,Fixed Deposit,BR012,1443377.48,25,78563.02,320818.29
ACC00000535,,Current,BR019,313401.55,25,189638.15,360896.44
ACC00000536,,Savings,BR013,342178.29,25,391750.22,342677.19
ACC00000537,Chakradhar Gara,Current,BR014,1387087.24,25,90802.49,531458.69
ACC00000538,Yochana Shanker,Current,BR014,1679202.58,25,298637.63,341814.58
ACC00000539,Yochana Shanker,Savings,BR007,192269.17,25,446232.17,249384.3
ACC00000540,Yochana Shanker,Fixed Deposit,BR014,4295960.51,50,552657.12,879070.03
ACC00000541,Wakeeta Bhalla,Savings,BR010,338808.31,25,336063.59,422032.92
ACC00000542,Chanakya Korpal,Current,BR013,1319019.34,25,150116.33,392645.25
ACC00000543,Jonathan Ratta,Fixed Deposit,BR002,887233.52,25,342049.02999999997,602391.2000000001
ACC00000544,Daksh Mandal,Fixed Deposit,BR010,2515552.42,50,496188.21,764292.96
ACC00000545,Daksh Mandal,Fixed Deposit,BR019,3391725.13,25,234410.56,283718.2
ACC00000546,,Fixed Deposit,BR018,2827332.9,25,120703.04000000001,475286.30000000005
ACC00000548,Damyanti Gupta,Fixed Deposit,BR002,2839250.67,25,365901.81,406158.24
ACC00000549,Yashodhara Malhotra,Fixed Deposit,BR011,2728517.88,10,48672.62,83297.01
ACC00000550,Amara Saha,Current,BR019,1880351.05,25,179163.31,441460.89
ACC00000551,Dakshesh Chand,Fixed Deposit,BR009,3239441.85,25,473743.3,319583.44
ACC00000552,Dakshesh Chand,Fixed Deposit,BR020,1102442.15,25,317527.27999999997,309856.17
ACC00000553,Dakshesh Chand,Current,BR016,1833059.38,25,333535.63,392347.31
ACC00000554,David Dayal,Current,BR008,1343937.04,10,95181.47,70068.53
ACC00000555,,Savings,BR014,391953.98,25,49766.52,651287.39
ACC00000556,,Savings,BR012,160642.24,25,345010.61,325792.83
ACC00000558,Advaith Kadakia,Fixed Deposit,BR015,1577033.26,25,369150.88999999996,314164.38
ACC00000559,Jatin Varughese,Savings,BR007,186106.07,10,120243.95,102225.15
ACC00000560,,Fixed Deposit,BR015,440782.73,10,33275.54,231408.76
ACC00000562,Max Mukherjee,Current,BR004,1879569.68,25,119309.02,418394.25
ACC00000563,Max Mukherjee,Fixed Deposit,BR020,4442640.83,25,397113.56,331713.62
ACC00000564,Max Mukherjee,Fixed Deposit,BR009,635181.6,25,264060.21,328042.65
ACC00000565,,Fixed Deposit,BR015,2239012.58,25,200458.75,578679.5
ACC00000566,,Savings,BR020,211668.42,10,269190.60000000003,107054.40000000001
ACC00000567,,Current,BR015,1291550.39,25,202668.08,377931.54
ACC00000568,,Current,BR018,1030898.45,10,117374.75,330904.36
ACC00000569,Jagvi Parmer,Current,BR018,1337798.94,25,216569.49000000002,317654.77
ACC00000570,Radhika Shankar,Fixed Deposit,BR007,2805527.38,10,405.15,213901.44
ACC00000571,Radhika Shankar,Current,BR006,730923.09,50,264327.92,839033.12
ACC00000572,Xalak Jayaraman,Fixed Deposit,BR019,1664353.98,25,58277.67,638319.47
ACC00000574,Nidhi Kibe,Savings,BR020,325486.03,50,482629.47,1022710.87
ACC00000575,Sanaya Naidu,Current,BR008,1250068.83,25,220604.28,609355.92
ACC00000576,,Current,BR009,477745.67,10,51890.409999999996,160582.87
ACC00000577,Bahadurjit Ganesh,Fixed Deposit,BR010,4964164.45,25,155591.03,641616.02
ACC00000578,Aachal Varkey,Current,BR015,1141736.8,25,118147.12,516749.99
ACC00000579,Aachal Varkey,Fixed Deposit,BR012,2330021.46,25,207507.6,417656.97000000003
ACC00000580,Qadim Chopra,Current,BR013,1636710.18,10,239218.94,153789.86
ACC00000581,,Savings,BR018,71032.88,50,301922.83,1081353.19
ACC00000582,,Fixed Deposit,BR020,718866.38,25,223241.11,367021.54000000004
ACC00000583,Warinder Balakrishnan,Savings,BR001,279157.86,10,103536.78,187243.41999999998
ACC00000584,Triya Om,Savings,BR005,305931.31,50,602079.77,702054.33
ACC00000586,Saumya Chana,Savings,BR011,103232.0,25,80535.36,258454.87
ACC00000587,Saumya Chana,Current,BR019,84041.48,25,175814.83,365059.74
ACC00000588,Saumya Chana,Savings,BR009,187740.02,25,350896.56,518009.99000000005
ACC00000589,,Fixed Deposit,BR009,987059.05,25,210152.86,367001.56
ACC00000591,Manbir Sant,Current,BR013,720146.89,50,572208.0,874446.53
ACC00000592,Champak Bhavsar,Fixed Deposit,BR016,4131610.34,25,282197.36,491127.53
ACC00000593,Champak Bhavsar,Savings,BR011,100402.36,10,41035.79,79635.63
ACC00000594,,Savings,BR019,29267.49,50,700654.34,707972.44
ACC00000596,Patrick Ganguly,Current,BR020,1504318.58,50,743228.54,1139616.78
ACC00000597,Netra Loyal,Savings,BR013,237990.35,25,110998.99,385732.16
ACC00000598,Ekantika Bansal,Current,BR006,1372330.14,25,231593.32,447333.34
ACC00000599,Brinda Bal,Current,BR014,1593004.09,25,120312.81,332149.64
ACC00000600,Brinda Bal,Savings,BR006,239833.56,50,571431.84,851584.16
ACC00000601,Udyati Din,Fixed Deposit,BR008,4214163.56,25,375636.68,384311.5
ACC00000602,Upma Sahota,Current,BR009,1369191.07,50,606200.24,761767.62
ACC00000603,Qushi Bahl,Current,BR016,1448236.08,50,847795.14,789789.55
ACC00000604,Teerth Dugar,Current,BR009,665052.99,50,641561.89,1098883.48
ACC00000605,Teerth Dugar,Fixed Deposit,BR006,2497311.37,50,372897.33999999997,924722.08
ACC00000606,Yash Bhandari,Fixed Deposit,BR006,1717697.01,25,413912.15,412782.41000000003
ACC00000607,Yash Bhandari,Current,BR002,31766.03,10,217398.63,84588.1
ACC00000608,,Savings,BR009,56116.7,25,230397.03,320789.36
ACC00000609,,Savings,BR007,155721.75,25,473023.77999999997,199799.75999999998
ACC00000610,,Current,BR011,583070.79,10,226104.2,163220.9
ACC00000611,,Current,BR017,806026.66,10,267471.54000000004,232082.81
ACC00000612,,Fixed Deposit,BR002,3399663.26,25,322261.64,277057.92
ACC00000613,Ekaraj Kohli,Savings,BR005,24731.13,25,244784.24,540207.63
ACC00000614,Ranveer Dyal,Savings,BR010,193106.91,10,62096.78999999999,212039.65000000002
ACC00000615,Ranveer Dyal,Savings,BR016,154621.86,25,160955.22999999998,521853.23
ACC00000616,Ranveer Dyal,Current,BR015,1839396.87,25,309987.34,341736.76999999996
ACC00000617,Omaja Barad,Savings,BR002,279831.05,25,176282.91999999998,452380.36
ACC00000618,Harshil Kala,Current,BR015,1892603.53,50,295487.2,1067295.4
ACC00000619,Harshil Kala,Fixed Deposit,BR002,3994117.65,50,453045.37,872201.52
ACC00000621,,Savings,BR006,107473.09,25,351867.71,587657.46
ACC00000622,,Current,BR016,885628.35,50,181845.58,1122355.26
ACC00000623,Ekansh Tandon,Current,BR002,1842924.37,50,611766.92,748601.11
ACC00000624,Priya Menon,Fixed Deposit,BR005,1832099.21,50,523313.2,734920.51
ACC00000625,Mekhala Grover,Fixed Deposit,BR012,2227224.08,50,764439.27,865058.64
ACC00000626,,Savings,BR017,146775.02,25,86774.28,395569.8
ACC00000627,,Savings,BR008,143243.65,25,266596.55,327054.07
ACC00000628,Jagdish Ramachandran,Current,BR020,592786.62,25,439973.76,300055.27
ACC00000629,Varsha Barad,Current,BR013,1013703.37,25,261767.52,543166.18
ACC00000630,,Fixed Deposit,BR020,1647680.79,50,463743.84,983648.3099999999
ACC00000631,,Current,BR008,1500323.03,25,181964.62,352305.8
ACC00000632,,Fixed Deposit,BR008,4504070.16,50,1063048.0,852280.14
ACC00000633,,Current,BR008,1428459.06,10,47436.56,169492.23
ACC00000634,Faras Menon,Savings,BR017,393352.31,25,161353.32,529844.71
ACC00000635,Faras Menon,Savings,BR006,285609.17,50,435632.28,821315.06
ACC00000636,,Current,BR019,1562774.17,50,394220.24,1086527.21
ACC00000637,,Fixed Deposit,BR009,1284497.39,25,363090.58999999997,601748.49
ACC00000638,,Fixed Deposit,BR003,2500843.98,25,583615.0800000001,481530.27
ACC00000639,Sanaya Dasgupta,Savings,BR010,258652.92,25,414026.75999999995,321982.06
ACC00000640,Sanaya Dasgupta,Fixed Deposit,BR003,3879797.96,50,339952.18,819918.97
ACC00000641,Wishi Tank,Current,BR015,550606.04,50,319562.15,971138.78
ACC00000642,,Savings,BR013,427499.8,25,243198.76,338602.52999999997
ACC00000643,,Fixed Deposit,BR008,4007522.13,50,363168.93,916956.53
ACC00000644,,Savings,BR017,355842.07,25,240255.46000000002,631052.38
ACC00000645,,Current,BR011,1856220.42,10,78167.02,182215.16999999998
ACC00000646,,Current,BR002,338428.78,25,130202.32,578114.65
ACC00000647,Ikshita Nadig,Fixed Deposit,BR001,4839666.57,50,750456.16,1034099.4600000001
ACC00000648,Yutika Pau,Fixed Deposit,BR004,3696500.16,25,562191.94,404307.33
ACC00000650,Yutika Pau,Current,BR014,1583450.62,25,191193.38999999998,348259.98
ACC00000651,Thomas Aggarwal,Savings,BR004,318927.49,25,664614.36,316838.31
ACC00000652,Praneel Mitter,Current,BR010,1795782.55,25,171489.97999999998,250608.92
ACC00000653,Om Swaminathan,Fixed Deposit,BR008,1646878.01,50,287107.2,1113334.5
ACC00000654,Zarna Cheema,Fixed Deposit,BR009,1342662.0,25,267373.96,700569.51
ACC00000655,,Fixed Deposit,BR001,1217484.51,50,795194.55,768932.07
ACC00000656,,Fixed Deposit,BR002,3920430.88,25,590011.68,352815.44
ACC00000657,,Current,BR012,1484004.81,10,133905.16,196799.0
ACC00000659,,Savings,BR014,398325.23,25,129345.12000000001,482963.68
ACC00000660,,Savings,BR011,363470.08,50,680170.27,768194.5499999999
ACC00000662,Hritik Sekhon,Current,BR013,1605446.94,25,108313.75,697388.6
ACC00000663,Irya Misra,Fixed Deposit,BR019,4173314.3,25,234835.99000000002,347390.56
ACC00000664,,Savings,BR003,143618.24,50,401259.58,595917.14
ACC00000665,,Fixed Deposit,BR013,3432433.95,25,115467.41,347668.6
ACC00000666,Jagdish Vohra,Fixed Deposit,BR010,148928.64,25,90175.61,559422.56
ACC00000667,Jalsa Naidu,Fixed Deposit,BR011,1594078.11,50,400972.85,857875.01
ACC00000668,Siddharth Sandal,Fixed Deposit,BR013,1193527.9,50,328266.07,1005757.9
ACC00000669,Siddharth Sandal,Savings,BR010,312180.43,25,60406.39000000001,501710.16
ACC00000670,Unni Patla,Current,BR015,1748846.56,25,131103.78,567059.14
ACC00000671,,Fixed Deposit,BR001,3790472.79,25,215019.38999999998,361965.67
ACC00000672,Eshana Wagle,Fixed Deposit,BR015,2338717.24,25,180164.24,494240.32999999996
ACC00000673,Eshana Wagle,Current,BR015,129373.4,25,17087.52,481133.81999999995
ACC00000674,Siddharth Johal,Fixed Deposit,BR009,4768485.15,10,49055.96,221035.68
ACC00000675,Ekta Chopra,Current,BR020,1296551.89,10,103377.43,119882.65
ACC00000676,Ekta Chopra,Savings,BR004,58635.44,50,212384.08000000002,783256.66
ACC00000677,Kavya Master,Current,BR003,707613.07,50,424831.59,824280.6799999999
ACC00000678,Kavya Master,Savings,BR017,333154.86,25,281248.11,435445.75
ACC00000679,Ekani Talwar,Fixed Deposit,BR018,3671483.58,50,589483.46,883668.74
ACC00000680,Xalak Chawla,Current,BR008,1130326.58,25,36687.62,383959.63
ACC00000681,,Current,BR001,802551.23,50,207014.23,899998.6900000001
ACC00000682,,Fixed Deposit,BR002,1534231.44,50,441044.56999999995,905773.94
ACC00000683,,Fixed Deposit,BR003,1605197.84,50,679758.5800000001,694000.67
ACC00000684,Bhavika Dhawan,Current,BR011,438358.14,10,16184.869999999999,133548.16
ACC00000685,Teerth Ganesan,Current,BR007,1508723.91,25,370253.29000000004,509286.69
ACC00000686,,Current,BR016,156921.34,10,174654.68,92558.76000000001
ACC00000687,,Fixed Deposit,BR017,65175.38,25,43757.869999999995,638894.22
ACC00000688,,Current,BR001,659095.92,10,206203.53999999998,153330.3
ACC00000689,,Savings,BR012,430736.56,25,164360.84999999998,265147.2
ACC00000690,,Current,BR017,1630167.11,10,36091.55,279733.04
ACC00000691,,Fixed Deposit,BR017,3176407.13,10,7396.23,243497.48
ACC00000693,Jagvi Prashad,Savings,BR019,335404.52,10,37338.45,266841.31
ACC00000694,Jagvi Prashad,Fixed Deposit,BR017,1226517.69,50,620795.09,1108181.18
ACC00000695,,Savings,BR010,243627.15,25,484542.18,474416.41
ACC00000696,,Fixed Deposit,BR019,1628912.67,50,549991.5599999999,836785.48
ACC00000697,,Fixed Deposit,BR008,4024722.19,10,57872.03,81610.4
ACC00000698,,Savings,BR015,249375.6,50,697091.9,813637.14
ACC00000699,,Current,BR001,1963377.78,25,349076.94,385757.93
ACC00000700,Sara Chowdhury,Current,BR016,1354932.55,10,51470.909999999996,114037.06999999999
ACC00000702,Kamya Mittal,Current,BR020,1160766.99,10,98346.47,223753.66
ACC00000703,Saksham Sule,Savings,BR007,40024.75,25,294089.35,575127.64
ACC00000705,Shaurya Krishnan,Current,BR006,127269.21,50,630479.2,743100.06
ACC00000706,Janaki Raman,Fixed Deposit,BR009,1517800.45,10,138508.54,170534.08
ACC00000707,Fariq Kumar,Fixed Deposit,BR011,2886783.41,50,474568.95999999996,790064.23
ACC00000708,Tanish Bora,Savings,BR008,479993.79,25,271479.98,354562.12
ACC00000709,Ria Mahal,Current,BR020,865528.04,25,293554.5,383569.94
ACC00000710,Ria Mahal,Fixed Deposit,BR003,4596544.05,50,196375.81,998416.05
ACC00000711,Ria Mahal,Current,BR018,732291.25,50,430857.11,1072993.92
ACC00000712,Aarnav Kalita,Fixed Deposit,BR008,2770127.3,25,398975.64,447607.76
ACC00000713,Aarnav Kalita,Fixed Deposit,BR003,2718128.54,50,530090.64,691323.25
ACC00000714,,Savings,BR013,351631.72,25,255798.65,517483.24
ACC00000715,Aadhya Mukhopadhyay,Savings,BR013,79759.21,25,209858.62,373316.0
ACC00000716,Aarush Shere,Fixed Deposit,BR008,1097354.67,25,54933.17,401259.58
ACC00000717,Ojasvi Shukla,Fixed Deposit,BR016,1193970.71,25,234992.19,391460.2
ACC00000718,Ojasvi Shukla,Savings,BR002,111814.45,25,294775.85,571893.0599999999
ACC00000719,Ojasvi Shukla,Savings,BR016,229870.11,10,41290.01,164550.0
ACC00000720,,Current,BR010,484939.48,10,65201.380000000005,208062.35
ACC00000721,,Fixed Deposit,BR005,4761279.94,10,169922.87,87762.74
ACC00000722,Warda Srivastava,Current,BR019,1024663.89,25,385571.06,361641.79
ACC00000723,Warda Srivastava,Current,BR019,1988519.94,10,125694.06,175950.11000000002
ACC00000724,Warda Srivastava,Savings,BR019,433208.97,50,230443.72999999998,731318.03
ACC00000725,,Savings,BR004,324753.3,50,728896.34,531939.46
ACC00000726,,Fixed Deposit,BR008,3733259.91,25,330571.83,340565.78
ACC00000727,Reyansh Swamy,Savings,BR019,456726.14,25,89790.01,434838.44
ACC00000729,Reyansh Swamy,Savings,BR005,184527.92,25,89563.37,464151.66
ACC00000730,,Savings,BR003,156502.15,25,116191.62999999999,421897.07999999996
ACC00000731,,Current,BR018,1415015.38,50,262532.46,535050.4
ACC00000732,Theodore Deep,Fixed Deposit,BR020,591494.83,25,121795.49,333673.91
ACC00000733,,Current,BR017,1700251.2,50,636700.03,708835.01
ACC00000734,Maya Batra,Savings,BR014,377604.2,10,93110.87,106286.65
ACC00000735,Maya Batra,Savings,BR019,412768.01,25,405495.3,347288.13
ACC00000736,Meera Pai,Savings,BR006,403589.78,25,409686.07,434607.21
ACC00000738,,Fixed Deposit,BR018,4753604.17,25,264026.45,364170.17
ACC00000739,,Fixed Deposit,BR013,4943866.98,10,128300.72,120858.1
ACC00000741,Udyati Nanda,Fixed Deposit,BR004,1088806.42,50,535472.17,895157.99
ACC00000742,Udyati Nanda,Current,BR011,354996.65,50,491787.36,655575.51
ACC00000743,,Current,BR007,682207.4,25,704490.45,275490.91
ACC00000744,Pooja Palla,Current,BR017,376012.38,25,260551.05,511243.37
ACC00000745,Pooja Palla,Current,BR018,652296.21,50,585699.37,733553.47
ACC00000746,Oni Sridhar,Fixed Deposit,BR019,4706617.08,25,463502.57999999996,269149.43
ACC00000747,Oni Sridhar,Current,BR014,489291.64,10,173224.12,159217.15
ACC00000748,Ojasvi Borah,Savings,BR013,8574.68,10,129637.66,246145.34999999998
ACC00000749,Amara Rajagopalan,Current,BR009,1907692.19,50,436545.27,1022937.37
ACC00000750,Amara Rajagopalan,Savings,BR002,166275.65,25,92718.69,614733.38
ACC00000751,,Fixed Deposit,BR016,4328270.47,50,308337.96,939885.0
ACC00000752,,Fixed Deposit,BR013,68521.13,10,19354.46,167018.66
ACC00000754,,Current,BR008,1926525.91,25,210536.69,232934.97
ACC00000755,Nathan Oak,Savings,BR006,409664.27,25,340116.92000000004,436570.74
ACC00000756,Nathan Oak,Fixed Deposit,BR007,4485864.06,10,149931.82,143204.80000000002
ACC00000757,Nathan Oak,Savings,BR012,437447.29,25,583893.51,460635.55
ACC00000758,,Current,BR020,1478097.83,25,352468.87,583871.34
ACC00000759,,Current,BR007,1160058.36,25,124484.37000000001,620593.86
ACC00000760,,Current,BR005,113807.94,25,234265.88999999998,492275.06
ACC00000761,,Fixed Deposit,BR009,569892.2,25,184661.25,364551.08
ACC00000762,Balhaar Gandhi,Fixed Deposit,BR002,2817193.86,50,625058.17,866165.81
ACC00000763,Balhaar Gandhi,Current,BR001,888993.99,25,300261.3,608735.5499999999
ACC00000764,,Savings,BR020,243999.97,25,355903.08,367183.39
ACC00000765,,Savings,BR020,323840.08,50,131049.5,888353.29
ACC00000766,Charita Zacharia,Fixed Deposit,BR006,3022423.78,50,148846.77,665495.92
ACC00000767,Falguni Pant,Current,BR015,790183.87,10,199939.21,161087.47
ACC00000768,,Current,BR019,1526381.02,25,324852.0,353709.29
ACC00000769,,Fixed Deposit,BR003,3107987.79,10,65456.91,150803.89
ACC00000770,,Current,BR007,1313446.68,25,29844.36,551531.7
ACC00000771,,Savings,BR016,341554.85,50,756950.5599999999,822745.84
ACC00000772,Akshay Chana,Current,BR005,506434.62,25,418658.99,140116.48
ACC00000773,,Current,BR007,697114.32,25,178969.32,473376.34
ACC00000774,,Current,BR007,569968.2,25,323447.13,358927.33999999997
ACC00000775,Atharv Bhandari,Current,BR001,1431517.37,10,192643.63,163452.88999999998
ACC00000776,Yash Subramaniam,Current,BR008,1579673.15,25,327602.41,425649.23
ACC00000778,Eesha Rajan,Savings,BR012,76380.14,50,649290.42,966272.67
ACC00000779,,Current,BR019,1727879.98,25,567333.87,391784.2
ACC00000780,,Current,BR009,852286.56,10,12669.73,186867.19
ACC00000781,Ekapad Dewan,Fixed Deposit,BR020,4457413.1,50,439577.24,765572.06
ACC00000782,Vrinda Seth,Fixed Deposit,BR003,4816616.8,25,149969.22999999998,534418.77
ACC00000783,Vrinda Seth,Current,BR020,770364.71,25,214336.97,451115.2
ACC00000785,Harrison Tara,Current,BR013,878184.53,25,501060.51,216221.58
ACC00000786,Raksha Sathe,Fixed Deposit,BR007,4342868.58,50,589218.71,818404.58
ACC00000787,,Current,BR005,814353.83,10,942.02,244328.07
ACC00000788,,Fixed Deposit,BR010,326253.06,10,66980.48,86633.66
ACC00000789,,Current,BR008,1675913.49,25,116189.86,241200.46
ACC00000790,Adya Ganesan,Fixed Deposit,BR003,4454778.57,50,513194.2,793642.1599999999
ACC00000791,,Savings,BR014,236047.68,25,259381.25,305282.77
ACC00000792,Warjas Sabharwal,Current,BR018,232226.31,50,534354.37,521286.66000000003
ACC00000793,Warjas Sabharwal,Fixed Deposit,BR010,3875525.52,50,824768.4199999999,667119.5
ACC00000794,,Savings,BR017,84966.2,10,167217.52,162369.83000000002
ACC00000795,,Current,BR013,1629845.22,10,18535.67,59384.12
ACC00000796,,Fixed Deposit,BR008,2393314.49,10,38004.68,256937.51
ACC00000797,,Savings,BR005,378866.69,25,72418.4,522767.12
ACC00000798,,Current,BR011,919544.49,25,380349.79000000004,349307.41
ACC00000799,,Savings,BR009,219260.2,25,191922.6,370826.03
ACC00000800,,Savings,BR008,224629.79,10,194261.07,181634.97
ACC00000801,Mason Pradhan,Fixed Deposit,BR003,2727828.18,25,221525.61000000002,508274.77999999997
ACC00000802,Mason Pradhan,Current,BR008,1943523.79,10,6995.110000000001,172919.76
ACC00000804,,Fixed Deposit,BR019,133837.89,10,160220.28,147780.26
ACC00000805,,Fixed Deposit,BR006,1172264.63,25,131759.02,757454.1
ACC00000806,Gayathri Sandhu,Current,BR006,383521.32,10,49633.0,148922.03
ACC00000807,Wishi Tailor,Fixed Deposit,BR013,1437635.08,50,730593.51,793446.83
ACC00000808,Wishi Tailor,Savings,BR002,187563.18,10,27972.8,140604.01
ACC00000809,Raagini Raj,Savings,BR018,419205.21,10,16618.89,190760.84
ACC00000810,Raagini Raj,Savings,BR014,461256.97,50,569737.08,903951.36
ACC00000811,Raagini Raj,Current,BR012,1944642.19,25,314647.57,626864.22
ACC00000812,,Savings,BR008,63897.99,25,174632.16999999998,422824.3
ACC00000813,,Fixed Deposit,BR003,820046.56,25,99464.13,560972.08
ACC00000814,,Current,BR002,1664445.52,25,49772.810000000005,270167.14
ACC00000815,,Fixed Deposit,BR009,1277440.21,25,370017.81,364310.8
ACC00000816,Aayush Sarna,Fixed Deposit,BR004,4844429.34,25,183690.75,342180.96
ACC00000817,,Current,BR013,196541.82,25,143168.22999999998,598011.39
ACC00000819,,Current,BR019,443161.2,25,303420.5,436515.42000000004
ACC00000820,,Savings,BR012,6612.11,50,405844.95,702572.65
ACC00000821,,Current,BR010,458199.26,25,216552.38,482559.77
ACC00000822,,Fixed Deposit,BR003,4189543.2,25,154785.87,567190.12
ACC00000823,,Fixed Deposit,BR013,2669638.24,10,24980.11,236932.61000000002
ACC00000824,,Current,BR009,336868.08,25,152515.33000000002,386044.71
ACC00000825,,Savings,BR015,399099.15,50,288497.92,1053163.66
ACC00000826,,Current,BR002,1819750.62,50,574713.62,699375.19
ACC00000827,,Fixed Deposit,BR001,3228175.33,25,422166.77,302707.58
ACC00000828,,Fixed Deposit,BR015,884160.41,25,337970.98,419691.02999999997
ACC00000829,Ekta Gandhi,Fixed Deposit,BR001,4842142.39,50,587176.86,726800.98
ACC00000830,Falak Iyengar,Current,BR005,385817.76,50,285026.89,887091.6799999999
ACC00000831,Falak Iyengar,Current,BR006,91256.38,10,160073.88,163391.75
ACC00000832,,Fixed Deposit,BR008,212944.96,10,443.48,257458.26
ACC00000833,,Savings,BR013,306298.85,50,773152.6900000001,960405.01
ACC00000834,,Savings,BR015,120259.38,25,145140.84,392412.66000000003
ACC00000835,Bimala Handa,Current,BR005,293117.95,50,697089.03,1052635.09
ACC00000836,Aishani Kunda,Fixed Deposit,BR009,596176.34,25,414977.74,613242.36
ACC00000837,Aishani Kunda,Savings,BR016,201106.6,10,38760.729999999996,209774.33000000002
ACC00000838,Viraj Keer,Fixed Deposit,BR006,2520626.51,25,444337.99,379194.58999999997
ACC00000839,Panini Deo,Current,BR015,1108602.84,10,127225.76,127917.11
ACC00000840,Panini Deo,Fixed Deposit,BR018,1548588.78,50,579578.86,859014.6
ACC00000841,,Fixed Deposit,BR014,3902377.66,25,386330.0,470469.09
ACC00000842,,Fixed Deposit,BR018,1181346.34,10,32291.13,128598.73000000001
ACC00000843,Edhitha Sane,Fixed Deposit,BR009,494067.43,25,318238.82,332329.14
ACC00000844,Edhitha Sane,Fixed Deposit,BR017,2206696.26,50,672395.83,566163.37
ACC00000845,Charita Kapur,Savings,BR005,425826.07,50,480969.31,744987.62
ACC00000846,Vinaya Grover,Fixed Deposit,BR018,827309.17,25,145521.99,424251.93
ACC00000847,Gagan Dixit,Savings,BR006,52808.42,25,175385.68,275273.16
ACC00000849,Gagan Dixit,Fixed Deposit,BR002,4791292.56,25,256033.41,569750.68
ACC00000851,,Fixed Deposit,BR019,4622857.8,50,483650.68,852886.13
ACC00000852,Ekta Kade,Savings,BR003,7218.26,25,115420.23000000001,516342.85
ACC00000853,Mohammed Doctor,Fixed Deposit,BR015,516128.87,10,417442.95,164105.23
ACC00000854,,Savings,BR002,244269.07,50,570229.72,863986.29
ACC00000855,Eesha Nigam,Current,BR011,325306.29,10,187749.29,140144.45
ACC00000856,Adya Roy,Savings,BR015,180768.2,50,370432.38,1047352.42
ACC00000857,Adya Roy,Savings,BR013,6334.58,50,482384.61,740218.13
ACC00000858,Fiyaz Zachariah,Savings,BR012,178276.09,25,211635.72,621416.89
ACC00000859,Fiyaz Zachariah,Savings,BR013,464782.95,25,236390.57,357029.91
ACC00000860,Manthan Sanghvi,Current,BR010,64822.56,25,282016.24,333326.4
ACC00000862,Ira Bhatt,Savings,BR011,181199.33,25,35523.36,370929.78
ACC00000863,Ira Bhatt,Savings,BR005,207397.51,50,709373.97,779872.51
ACC00000864,,Savings,BR020,96190.27,25,179389.47000000003,573214.03
ACC00000865,,Savings,BR008,31630.49,10,8741.54,129305.64
ACC00000866,Owen Shenoy,Savings,BR006,79460.69,10,284208.24,208128.9
ACC00000867,Owen Shenoy,Current,BR020,262908.97,25,16521.29,282254.01
ACC00000868,Ria Pal,Fixed Deposit,BR019,3648158.99,25,244984.81,636157.73
ACC00000869,Thomas Dhar,Current,BR005,1311500.66,25,490883.89,498699.96
ACC00000870,Nitesh Bath,Current,BR018,1689952.01,25,316452.48,357689.64
ACC00000871,Nitesh Bath,Fixed Deposit,BR005,2167263.83,50,679288.89,887171.45
ACC00000872,,Savings,BR012,67641.74,10,95580.71,261906.83000000002
ACC00000874,,Savings,BR014,445786.96,50,306682.82,1019606.8
ACC00000875,,Fixed Deposit,BR015,2843054.95,25,228132.11000000002,631659.1
ACC00000876,,Fixed Deposit,BR011,1659354.51,25,401379.58999999997,414561.0
ACC00000877,,Fixed Deposit,BR010,1975867.83,50,392201.32,848495.95
ACC00000878,,Fixed Deposit,BR008,2367890.28,10,89961.74,141262.06
ACC00000879,,Current,BR008,512769.98,25,217251.51,377861.69
ACC00000880,Robert Sahota,Current,BR018,864611.49,50,656429.28,911837.53
ACC00000881,Robert Sahota,Fixed Deposit,BR013,3356962.24,25,216797.66,548517.39
ACC00000882,Robert Sahota,Current,BR016,1942768.67,50,578666.76,899242.38
ACC00000883,,Current,BR011,1806061.04,25,601583.6599999999,345259.97
ACC00000884,Kala Memon,Current,BR007,1375960.17,10,98625.95,188992.54
ACC00000885,Amrita Ranganathan,Current,BR006,1548977.77,25,125746.48,504160.66
ACC00000886,,Current,BR009,343516.6,25,117616.59999999999,734244.4400000001
ACC00000887,,Current,BR003,542286.38,10,164350.19,128522.94
ACC00000888,,Fixed Deposit,BR018,4690903.28,10,32930.4,139777.25
ACC00000889,,Savings,BR002,300609.18,10,176407.13,279205.07
ACC00000890,Zayyan Tank,Current,BR020,1445577.1,10,94856.68,143305.5
ACC00000891,Ishwar Rama,Savings,BR007,210673.97,25,245384.35,545176.52
ACC00000892,Vidhi Wali,Current,BR015,991565.29,25,615193.15,262757.31
ACC00000893,,Fixed Deposit,BR016,2440447.99,25,378579.4,415863.93
ACC00000894,,Savings,BR010,141069.34,50,622670.24,887194.91
ACC00000895,,Fixed Deposit,BR017,2660766.66,10,16072.83,215382.92
ACC00000896,Kashvi Narang,Savings,BR007,13866.63,50,452935.25,823688.32
ACC00000897,Jhalak Batra,Savings,BR014,277917.25,50,509867.44,777688.07
ACC00000898,Wahab Issac,Fixed Deposit,BR013,2558802.4,50,583995.36,1022594.97
ACC00000899,,Current,BR016,502791.16,25,229303.79,461011.87
ACC00000900,,Savings,BR002,44162.45,25,230946.61,494000.15
ACC00000902,,Savings,BR019,464190.53,25,249928.91,543172.2
ACC00000903,,Current,BR009,1065894.9,10,23337.07,151827.2
ACC00000904,,Current,BR008,934046.94,25,232592.74,483609.89
ACC00000905,Ria Reddy,Savings,BR004,27124.96,10,234493.66999999998,55578.03999999999
ACC00000906,Ria Reddy,Savings,BR011,26800.63,25,264744.23000000004,281829.54
ACC00000907,Arin Kala,Savings,BR011,309630.76,25,255477.41999999998,469155.44
ACC00000908,,Savings,BR014,336312.89,50,247159.52,995475.3300000001
ACC00000910,,Fixed Deposit,BR007,4296873.79,25,92371.36,360483.52
ACC00000911,Suhani Deo,Savings,BR019,405927.98,50,323851.96,814716.62
ACC00000912,,Current,BR005,224643.4,25,259025.25,568376.55
ACC00000913,Tanish Chaudhary,Savings,BR016,78789.8,10,189584.95,90806.16
ACC00000914,Bimala Bera,Current,BR014,1595568.11,25,189839.9,446482.73
ACC00000915,Bimala Bera,Fixed Deposit,BR002,3695311.16,50,388723.58,859552.91
ACC00000916,,Savings,BR008,244917.17,25,381459.71,355647.23
ACC00000917,Libni Narayanan,Current,BR016,251414.87,50,153840.66999999998,870050.92
ACC00000918,Libni Narayanan,Current,BR009,1096133.72,25,382526.67,267772.16000000003
ACC00000920,Rachit Dora,Savings,BR020,88348.89,25,171086.04,499302.85
ACC00000921,Chasmum Gandhi,Current,BR010,472209.15,25,366240.81,305960.76
ACC00000922,Chasmum Gandhi,Current,BR017,1381709.41,50,348721.01999999996,771340.77
ACC00000923,Chasmum Gandhi,Fixed Deposit,BR006,2322046.84,10,8358.5,97078.2
ACC00000924,Balendra Gandhi,Current,BR010,23359.49,25,365285.70999999996,303220.02999999997
ACC00000925,Chatura Mukherjee,Savings,BR001,445405.29,50,291687.52,809860.36
ACC00000926,Zayyan Karpe,Current,BR018,1062056.66,50,280883.58,880920.76
ACC00000927,,Fixed Deposit,BR019,4425983.86,50,582176.09,904579.79
ACC00000929,Yauvani Sagar,Current,BR016,1020455.62,25,213418.24,462553.24
ACC00000930,Yauvani Sagar,Current,BR011,1204712.25,50,379823.09,789832.37
ACC00000931,Ati Raju,Fixed Deposit,BR019,1013862.38,50,306255.4,1128478.79
ACC00000933,Anmol Bobal,Current,BR010,1835921.18,10,170547.19,112902.11
ACC00000934,Fariq Aggarwal,Fixed Deposit,BR006,3062565.19,10,183557.71999999997,195153.83000000002
ACC00000936,Fariq Aggarwal,Savings,BR016,443996.44,25,168657.87,716945.14
ACC00000937,Manan Chahal,Current,BR004,170509.97,10,17519.24,106469.81
ACC00000938,Kalpit Vasa,Current,BR011,1847703.16,25,212257.03,316447.75
ACC00000939,Kalpit Vasa,Fixed Deposit,BR001,4013788.09,25,154279.15,355196.49
ACC00000940,,Current,BR006,1608029.08,10,116758.88,296718.09
ACC00000941,,Current,BR020,533121.89,50,374570.0,937591.93
ACC00000943,,Fixed Deposit,BR013,1693718.93,50,712193.32,768119.04
ACC00000944,Rehaan Khalsa,Current,BR012,676225.81,50,576743.3200000001,912456.45
ACC00000945,,Current,BR002,1937561.44,10,166188.99,157535.62
ACC00000946,,Savings,BR013,450457.43,25,239372.46,505078.8
ACC00000947,Yutika Saxena,Current,BR016,1394700.88,50,518415.15,820791.23
ACC00000948,Yutika Saxena,Current,BR003,1411788.5,25,668442.39,401943.67
ACC00000949,,Current,BR014,1993304.53,50,871524.2,931106.63
ACC00000950,Avni Anand,Current,BR015,1871203.65,25,217118.80000000002,537853.13
ACC00000951,Amaira Sarraf,Current,BR012,56656.68,25,138099.45,528550.68
ACC00000952,,Current,BR005,948531.14,25,308286.60000000003,328237.16
ACC00000953,,Fixed Deposit,BR018,1949244.99,25,247646.08000000002,404969.08
ACC00000954,,Current,BR010,959546.62,10,5897.99,189016.85
ACC00000955,Ekaja Devan,Current,BR006,1012486.82,25,303901.29,423790.22000000003
ACC00000956,Ekaja Devan,Current,BR003,873685.88,50,335368.11,959045.44
ACC00000957,,Current,BR007,1210751.36,25,295144.72000000003,447334.2
ACC00000959,Wazir Maharaj,Savings,BR012,459427.23,25,335626.08,224429.18
ACC00000960,Chandani Borde,Current,BR018,502226.41,25,160661.09,551568.85
ACC00000961,Chandani Borde,Savings,BR011,481690.36,25,58599.68,243611.76
ACC00000962,Turvi Misra,Current,BR008,1372021.48,25,263615.5,365920.28
ACC00000963,,Savings,BR008,428640.12,10,100609.79000000001,120124.56
ACC00000964,Vrinda Bedi,Current,BR019,1076033.99,25,231874.11,265546.03
ACC00000965,Vrinda Bedi,Savings,BR007,496261.43,50,519044.85,970981.52
ACC00000966,Faqid Randhawa,Savings,BR012,395905.37,10,94636.78,79291.5
ACC00000967,Neha Pillai,Fixed Deposit,BR009,2994337.01,25,141364.05,584099.91
ACC00000968,Janani Chowdhury,Current,BR004,965550.21,25,119478.34,399336.79
ACC00000969,,Savings,BR007,470405.64,25,33253.57,517946.69
ACC00000970,Victor Tank,Fixed Deposit,BR008,479532.31,25,348382.91,435669.75
ACC00000971,,Current,BR007,1622054.51,25,315355.25,274588.37
ACC00000972,,Savings,BR012,58540.88,50,776943.65,832937.73
ACC00000973,,Current,BR012,1767318.31,50,528927.79,846564.92
ACC00000974,,Fixed Deposit,BR016,2562196.07,25,340697.29,408875.33
ACC00000976,,Current,BR018,469130.77,25,314868.2,453810.75
ACC00000977,,Current,BR017,927095.52,25,42694.71,580367.93
ACC00000978,Unnati Ghosh,Current,BR017,1119632.29,25,275464.48,570870.27
ACC00000979,,Savings,BR006,446005.48,25,60707.67,285262.45999999996
ACC00000980,Aadhya Yohannan,Fixed Deposit,BR016,3401131.84,25,220394.33,386007.62
ACC00000981,Aadhya Yohannan,Fixed Deposit,BR006,792523.72,10,148366.24,110567.27
ACC00000982,,Current,BR006,1356611.65,10,35420.04,125798.57
ACC00000983,,Fixed Deposit,BR004,654525.03,50,499763.81,1450173.39
ACC00000984,Ikbal Rana,Current,BR002,185051.9,25,128557.59,508904.03
ACC00000985,Ikbal Rana,Fixed Deposit,BR020,2935279.21,25,527237.47,243929.39
ACC00000986,,Savings,BR008,204846.3,25,49272.18,591445.38
ACC00000987,,Savings,BR020,438343.72,10,314794.91,250945.66999999998
ACC00000988,Mohini Parsa,Fixed Deposit,BR014,513545.67,25,530525.06,332435.62
ACC00000989,Mohini Parsa,Savings,BR020,246227.15,25,304207.3,371711.09
ACC00000990,Mohini Parsa,Current,BR001,1212591.16,25,579101.52,447305.42
ACC00000991,,Fixed Deposit,BR015,1018393.24,50,339453.32,820514.1
ACC00000992,,Savings,BR012,281048.77,25,173117.50999999998,554825.81
ACC00000993,,Current,BR013,1786936.92,25,267642.3,390747.58
ACC00000994,,Savings,BR007,394117.16,25,321063.53,298869.51
ACC00000995,,Current,BR009,694317.51,25,190507.84999999998,424413.08
ACC00000996,,Fixed Deposit,BR014,4844067.81,25,154202.62,439378.05
ACC00000997,Arin Sunder,Current,BR012,1337858.53,50,744611.99,563853.59
ACC00000998,,Fixed Deposit,BR013,2528449.74,50,764458.02,724881.85
ACC00000999,,Current,BR018,1115745.85,50,706253.42,558920.4299999999
ACC00001000,,Savings,BR007,305062.25,10,274746.31,214321.3
ACC00001001,,Fixed Deposit,BR005,2940595.77,10,75911.85,110143.45
ACC00001002,Girindra Gupta,Current,BR015,1289823.81,25,207512.61000000002,444425.2
ACC00001003,,Savings,BR019,113506.7,10,81652.14,121254.14000000001
ACC00001005,Daniel Prabhu,Fixed Deposit,BR003,2509194.63,25,228324.12,398370.38
ACC00001006,,Savings,BR002,165931.82,10,172422.53999999998,160413.91
ACC00001007,,Savings,BR001,386143.25,25,177018.77000000002,555411.03
ACC00001008,Brinda Bandi,Fixed Deposit,BR020,3498057.43,50,574628.0599999999,843589.67
ACC00001009,Brinda Bandi,Current,BR013,1290090.63,25,474085.83,414006.63
ACC00001010,Brinda Bandi,Current,BR003,667634.07,25,305413.79,474795.33999999997
ACC00001012,Oscar Kala,Savings,BR018,226681.19,50,515711.43,865582.72
ACC00001013,Harish Prabhu,Fixed Deposit,BR016,4444904.05,50,153011.59000000003,1049705.65
ACC00001014,,Savings,BR001,89756.9,50,439622.22,1147145.42
ACC00001016,Charles Korpal,Current,BR003,1574570.33,25,42236.39,520888.31
ACC00001017,,Fixed Deposit,BR019,3897043.69,50,708941.51,754751.9500000001
ACC00001018,Wridesh Minhas,Fixed Deposit,BR020,1274438.22,10,51451.79,172938.13999999998
ACC00001019,Lakshmi Acharya,Savings,BR016,251278.22,25,214325.96000000002,486745.27999999997
ACC00001020,,Fixed Deposit,BR017,2311126.49,50,322849.04000000004,935799.09
ACC00001021,Samuel Das,Savings,BR006,239439.21,10,152942.77000000002,192169.84999999998
ACC00001022,Samuel Das,Savings,BR003,184053.08,25,5663.92,457848.91000000003
ACC00001023,Upkaar Bassi,Savings,BR018,196604.25,10,180408.21,77733.05
ACC00001024,Ojasvi Dyal,Fixed Deposit,BR010,3361400.65,25,124965.84,543366.87
ACC00001025,,Savings,BR011,7123.23,25,223796.40000000002,547865.3099999999
ACC00001026,Isha Gola,Fixed Deposit,BR003,1528650.79,25,302173.02,363729.99
ACC00001027,Lavanya Chand,Current,BR006,1143232.85,50,460755.20999999996,685515.62
ACC00001028,Lavanya Chand,Savings,BR014,69651.87,50,740768.27,666123.51
ACC00001029,Ayaan Sant,Current,BR008,126369.41,25,265510.56,347600.26
ACC00001030,Qushi Shah,Savings,BR009,359769.68,10,14431.380000000001,178715.94999999998
ACC00001031,Dalaja Agate,Current,BR016,269771.22,25,292991.1,291272.37
ACC00001032,Edhitha Talwar,Fixed Deposit,BR015,2953414.41,50,292524.73000000004,1026393.88
ACC00001033,Edhitha Talwar,Savings,BR016,24400.62,10,132660.46,139156.34
ACC00001034,Warjas Tank,Current,BR009,1069071.71,25,297417.82999999996,501358.09
ACC00001035,Warjas Tank,Savings,BR019,119245.87,50,664441.51,910640.95
ACC00001036,,Fixed Deposit,BR012,2361703.53,25,103347.21999999999,454948.34
ACC00001037,Sai Din,Fixed Deposit,BR012,2348177.29,25,264535.97000000003,596685.65
ACC00001038,,Fixed Deposit,BR002,3730314.37,50,499278.96,992543.9299999999
ACC00001039,Advika Keer,Current,BR014,1605469.75,50,746706.78,864642.83
ACC00001040,Daksha Narang,Savings,BR003,247745.5,25,115652.84,253531.69999999998
ACC00001041,,Current,BR007,1932281.72,25,199099.76,498770.5
ACC00001042,,Savings,BR015,407360.39,50,513856.41000000003,852111.44
ACC00001043,,Savings,BR001,45836.2,25,179440.93,416781.4
ACC00001044,,Savings,BR019,442295.92,50,209431.75,769062.11
ACC00001045,Bhavya Kalita,Current,BR020,1779492.62,10,128391.17000000001,111776.21
ACC00001046,Pranav Chana,Savings,BR017,139127.14,10,150796.47,225159.8
ACC00001047,Pranav Chana,Fixed Deposit,BR009,2286048.33,25,302674.94,393093.37
ACC00001048,Tejas Boase,Current,BR017,211657.36,25,478047.78,394687.95
ACC00001049,,Savings,BR006,183078.63,25,266828.16000000003,468886.91
ACC00001050,,Fixed Deposit,BR001,4454388.54,50,675125.36,875000.44
ACC00001051,,Fixed Deposit,BR013,4826336.62,25,239295.86,392821.77999999997
ACC00001052,,Current,BR006,847192.73,25,403402.27,409351.42
ACC00001053,,Current,BR013,1650172.17,25,527973.04,379742.97000000003
ACC00001055,Anamika Oza,Savings,BR016,402331.34,25,237128.12000000002,509874.01
ACC00001057,Anamika Oza,Savings,BR014,383524.18,25,226497.29,337753.79000000004
ACC00001058,Azad Morar,Current,BR006,251260.8,25,108085.42,287695.1
ACC00001059,Azad Morar,Savings,BR015,156746.91,10,24260.02,94052.08
ACC00001060,Varsha Ganesh,Fixed Deposit,BR002,4354147.86,25,123034.76,365542.27
ACC00001061,Chaaya Venkataraman,Savings,BR002,287492.86,25,165194.96,501286.69
ACC00001062,,Current,BR013,232363.19,25,437686.65,531306.03
ACC00001064,,Fixed Deposit,BR018,2443332.29,50,667109.6699999999,817554.91
ACC00001065,Ekapad Tandon,Savings,BR016,382281.25,25,424416.29000000004,402394.57
ACC00001066,Nitesh Viswanathan,Current,BR009,1977508.43,25,319874.24,563321.56
ACC00001067,Caleb Ram,Current,BR001,311295.19,50,442657.87,985306.51
ACC00001068,Caleb Ram,Current,BR003,1512621.59,25,126431.52,489689.33
ACC00001069,Kamala Vala,Fixed Deposit,BR016,4449150.83,10,106706.41999999998,129367.62
ACC00001070,Kamala Vala,Savings,BR016,4941.38,10,105598.23999999999,216417.01
ACC00001071,Kamala Vala,Current,BR013,1144213.37,25,173735.95,341481.21
ACC00001072,Dhruv Varma,Fixed Deposit,BR002,2148543.56,25,63046.07,350706.22
ACC00001073,Jagvi Bava,Fixed Deposit,BR010,916851.56,10,11873.74,129130.9
ACC00001074,Jagvi Bava,Savings,BR011,361456.05,25,175420.93,442492.14
ACC00001075,Jagvi Bava,Fixed Deposit,BR013,4634210.18,50,538622.24,999024.46
ACC00001076,Odika Kaur,Current,BR009,1446620.27,25,235551.23,450035.12
ACC00001077,Hemang Joshi,Fixed Deposit,BR010,3352675.99,25,116967.13,389158.64999999997
ACC00001078,Deepa Hayer,Current,BR010,1144383.93,10,5293.17,424046.48
ACC00001079,Deepa Hayer,Fixed Deposit,BR011,2055385.39,50,709144.19,1158706.34
ACC00001082,Leela Das,Current,BR001,556196.98,50,422626.44,995240.26
ACC00001083,Leela Das,Savings,BR011,138594.05,25,233966.7,269788.4
ACC00001084,Leela Das,Current,BR007,1494491.9,25,63398.79,521199.22
ACC00001085,,Savings,BR017,489203.25,50,378269.74,910007.9400000001
ACC00001087,,Current,BR014,1552184.58,50,715919.77,738829.54
ACC00001088,,Current,BR013,352749.42,50,527992.5599999999,879090.97
ACC00001089,Vritti Buch,Current,BR007,1320070.31,50,328873.54,880337.1
ACC00001090,Vritti Buch,Fixed Deposit,BR010,4053848.6,10,111474.68000000001,174219.67
ACC00001091,,Savings,BR017,414143.86,25,167563.12,571599.96
ACC00001092,,Fixed Deposit,BR016,4871038.98,25,360375.09,501842.86
ACC00001093,Aadi Dixit,Current,BR008,368808.23,50,367725.84,1130140.01
ACC00001094,Deepa Karnik,Savings,BR009,179892.17,25,390168.71,399308.0
ACC00001095,,Current,BR005,1351735.63,25,367475.83,494797.9
ACC00001096,George Parmar,Savings,BR013,350147.56,50,686754.31,806223.09
ACC00001097,,Fixed Deposit,BR006,3870413.28,25,243479.40999999997,466922.55
ACC00001098,,Fixed Deposit,BR014,916614.61,10,42754.61,143463.46
ACC00001100,Indira Iyer,Current,BR010,1546104.1,25,296117.6,292680.62
ACC00001101,,Savings,BR010,492738.38,25,215484.66,454801.63
ACC00001102,Daniel Kade,Fixed Deposit,BR011,2704995.9,25,417598.02,320861.94
ACC00001103,Jalsa Hans,Current,BR008,1007888.88,50,426712.44,1264564.38
ACC00001104,Zashil Deep,Current,BR017,1766005.57,10,779.03,281291.7
ACC00001105,Vyanjana Nadkarni,Current,BR013,844906.55,50,611537.35,893587.84
ACC00001106,Vyanjana Nadkarni,Savings,BR002,358702.2,10,118315.27999999998,99667.22
ACC00001107,Vyanjana Nadkarni,Fixed Deposit,BR012,3180860.46,25,60545.0,324167.07
ACC00001108,Pranav Krishnamurthy,Savings,BR015,457659.73,10,25737.079999999998,165473.12
ACC00001109,,Savings,BR004,338667.24,25,449367.23,647749.3
ACC00001110,,Savings,BR019,283434.07,10,1596.9,250346.95
ACC00001111,Chatresh Arora,Fixed Deposit,BR003,2332486.23,50,537917.93,852542.4
ACC00001112,Yutika Dave,Fixed Deposit,BR010,3503784.14,25,83467.12000000001,665772.33
ACC00001113,Yashvi Rajan,Current,BR014,1630729.17,50,602804.6,1143031.54
ACC00001114,Yashvi Rajan,Fixed Deposit,BR008,2469966.81,25,339812.68,569956.36
ACC00001115,,Current,BR017,1580549.71,50,396934.81,983275.88
ACC00001116,Netra Sarin,Savings,BR009,420567.01,25,132137.43,510692.06
ACC00001117,Netra Sarin,Savings,BR007,351943.92,50,493703.79,864858.39
ACC00001118,Madhav Deo,Savings,BR002,429595.88,50,312751.89,760647.1799999999
ACC00001119,Qasim Aurora,Savings,BR002,417725.21,25,235952.36000000002,506575.57999999996
ACC00001120,,Savings,BR019,427940.97,10,47068.06,203551.06
ACC00001121,Adweta Grewal,Current,BR006,482506.44,25,501544.95,403370.66000000003
ACC00001122,Champak Sarraf,Current,BR018,1072851.94,50,418525.78,713337.43
ACC00001123,,Current,BR019,1024482.36,10,0.0,119109.41
ACC00001124,Pallavi Deol,Fixed Deposit,BR017,2693430.49,25,176640.75,262485.99
ACC00001125,Yagnesh Biswas,Current,BR019,482140.4,50,301470.87,1017948.67
ACC00001126,,Fixed Deposit,BR014,1209834.49,50,246079.75,867103.29
ACC00001127,,Savings,BR008,94958.38,50,672550.99,883382.01
ACC00001129,Gautam Dutta,Current,BR002,190246.83,50,1005673.78,752948.25
ACC00001130,,Savings,BR019,74008.62,25,432890.03,323844.34
ACC00001131,Abhimanyu Korpal,Fixed Deposit,BR008,418376.38,25,336455.85,435848.05
ACC00001132,Abhimanyu Korpal,Current,BR003,1537055.96,25,105676.01,419565.96
ACC00001133,Anmol Patla,Fixed Deposit,BR017,1145611.08,10,22051.239999999998,212027.83000000002
ACC00001134,Rachita Raman,Fixed Deposit,BR015,4592431.18,25,167674.36,410653.4
ACC00001135,,Current,BR019,342997.35,25,274145.69,361173.77
ACC00001136,Gaurika Bath,Fixed Deposit,BR018,3553107.89,50,516079.27,965737.9
ACC00001137,Balendra Nori,Savings,BR013,40042.04,50,676998.52,1131513.94
ACC00001138,,Fixed Deposit,BR008,2496455.79,25,263913.54,396733.51
ACC00001139,Krisha Ahluwalia,Current,BR020,610147.05,50,387240.18,574111.49
ACC00001140,,Fixed Deposit,BR020,854612.86,50,488443.13,1171062.07
ACC00001141,,Fixed Deposit,BR020,4786982.03,25,181142.69999999998,498466.06
ACC00001142,Wakeeta Bhardwaj,Savings,BR002,258000.79,25,199018.75,517086.02999999997
ACC00001143,Wakeeta Bhardwaj,Current,BR010,1213846.25,25,248913.68,288108.21
ACC00001144,Wakeeta Bhardwaj,Fixed Deposit,BR020,2012663.92,25,58921.56,598914.88
ACC00001145,,Current,BR011,749976.17,10,147729.0,129909.12000000001
ACC00001146,,Current,BR018,1048053.61,50,389438.68,1039558.74
ACC00001147,,Current,BR012,295744.05,25,253566.66999999998,549871.71
ACC00001148,Ishaan Grewal,Current,BR020,146312.09,50,561592.26,774500.72
ACC00001149,,Savings,BR018,36537.12,25,225181.62,474468.33
ACC00001150,Ishanvi Bora,Current,BR018,1597138.65,25,220381.49,517272.23
ACC00001151,Ishanvi Bora,Fixed Deposit,BR020,3899881.53,10,132620.55000000002,126624.18000000001
ACC00001152,,Current,BR004,1866274.14,25,477578.89,448322.87
ACC00001153,Rayaan Bahri,Savings,BR001,434867.55,25,369272.74,577383.48
ACC00001154,Rayaan Bahri,Current,BR014,393239.44,25,191553.69,406286.35
ACC00001155,,Fixed Deposit,BR004,2291644.16,50,193829.19999999998,846792.28
ACC00001156,,Current,BR011,1371724.11,10,77568.43,284935.45
ACC00001157,Noah Savant,Fixed Deposit,BR016,1003174.74,50,873192.62,605619.84
ACC00001158,,Fixed Deposit,BR013,496412.71,25,323684.36,629942.31
ACC00001159,Chanchal Yogi,Current,BR014,44808.3,10,194042.84,146613.84
ACC00001160,,Current,BR019,381104.3,50,583684.03,783812.9
ACC00001161,,Savings,BR011,203418.64,25,261189.3,540574.78
ACC00001162,Dipta Dash,Fixed Deposit,BR015,3037725.79,50,432620.33,735560.29
ACC00001163,,Current,BR017,218654.94,10,45015.95,96606.17
ACC00001164,Udyati Devan,Current,BR006,1457392.1,25,550460.0800000001,381281.36
ACC00001165,,Savings,BR014,328342.64,25,104462.44,400885.85
ACC00001166,,Fixed Deposit,BR017,1702153.63,10,375219.54000000004,189539.0
ACC00001167,Chakradev Pant,Current,BR006,500179.55,25,94301.34,457640.52999999997
ACC00001168,,Fixed Deposit,BR015,3797903.07,25,197222.63,482651.73000000004
ACC00001169,,Savings,BR003,38580.41,25,425605.74000000005,374182.48
ACC00001170,Aryan Shanker,Current,BR020,1346130.64,25,395441.86,375955.23
ACC00001171,Aryan Shanker,Current,BR002,1023762.37,25,47690.84,375164.43
ACC00001172,Keya Basak,Fixed Deposit,BR010,240308.42,50,396737.1,882989.35
ACC00001173,Panini Keer,Fixed Deposit,BR002,3217212.95,10,57264.42999999999,154448.45
ACC00001174,Januja Baral,Fixed Deposit,BR012,4220759.48,25,130432.96,403884.37
ACC00001175,Sudiksha Gupta,Fixed Deposit,BR016,2081693.64,50,439443.23,1081646.1400000001
ACC00001176,Sudiksha Gupta,Savings,BR010,362018.22,10,45739.6,112289.83
ACC00001177,Maanas Raju,Savings,BR017,92544.27,25,270649.36,452119.66
ACC00001178,Maanas Raju,Current,BR015,1971896.29,50,230350.18,886578.46
ACC00001179,Maanas Raju,Savings,BR008,139575.12,25,124538.19,301369.35
ACC00001180,Avi Rajagopal,Fixed Deposit,BR012,711523.93,10,249507.22,109764.04999999999
ACC00001181,Avi Rajagopal,Savings,BR020,209881.16,50,587339.5299999999,1184316.31
ACC00001183,,Fixed Deposit,BR003,600737.71,50,754282.23,892552.78
ACC00001184,Anika Gour,Savings,BR011,31803.38,25,321765.76,659925.25
ACC00001185,Anika Gour,Current,BR020,609140.96,50,564535.96,807828.49
ACC00001186,Ekta Hans,Fixed Deposit,BR019,3122844.03,25,127502.96,387870.63
ACC00001187,,Fixed Deposit,BR008,1383439.74,25,346343.82,425001.41000000003
ACC00001188,,Savings,BR003,262237.6,50,313612.12,877611.15
ACC00001189,,Current,BR007,1633484.18,25,170615.61000000002,474576.44
ACC00001190,,Fixed Deposit,BR008,4739585.68,25,334531.6,271528.97000000003
ACC00001191,,Current,BR013,356173.04,10,14758.0,147990.34999999998
ACC00001192,,Fixed Deposit,BR007,3324927.2,25,126185.98,390583.75
ACC00001193,,Savings,BR011,275392.56,25,102006.44,511073.55
ACC00001194,Abeer Kadakia,Savings,BR015,121092.33,50,328966.82,686544.5800000001
ACC00001195,Gunbir Wadhwa,Savings,BR002,453519.93,25,184894.23,362405.05
ACC00001196,,Current,BR007,1028315.75,25,282118.08,396927.13
ACC00001198,,Savings,BR004,144503.33,10,184713.98,127192.7
ACC00001199,,Current,BR016,490988.45,10,94230.2,282693.72000000003
ACC00001200,,Current,BR011,1265613.11,50,444868.2,871719.09
ACC00001201,,Fixed Deposit,BR014,4831977.41,25,68990.73999999999,314142.6
ACC00001202,Netra Rana,Savings,BR003,242114.19,50,469673.72000000003,846758.6
ACC00001203,Yachana Chaudhari,Current,BR015,1074840.59,25,81589.01,516112.45
ACC00001204,Dhruv Natarajan,Current,BR014,1309788.08,25,194758.58,444422.14
ACC00001205,Ishita Kumer,Fixed Deposit,BR017,1568754.18,25,600966.1799999999,375639.94
ACC00001207,Kabir Buch,Fixed Deposit,BR007,2939850.4,50,490713.45,996615.45
ACC00001208,Kabir Buch,Fixed Deposit,BR007,4482189.18,50,573026.17,955882.73
ACC00001209,,Fixed Deposit,BR019,4510142.93,50,747376.36,958534.36
ACC00001210,,Fixed Deposit,BR004,4930888.77,10,0.0,190182.2
ACC00001211,Wyatt Choudhry,Current,BR010,1073403.96,10,26204.09,58586.740000000005
ACC00001212,,Current,BR001,1723020.25,10,31735.86,345830.05
ACC00001213,Aradhana Kade,Current,BR015,1225402.81,10,188761.2,121278.35999999999
ACC00001214,Onveer Tripathi,Savings,BR009,282791.83,50,683085.87,431017.92
ACC00001215,Onveer Tripathi,Fixed Deposit,BR009,4163591.95,25,91790.06999999999,437951.82
ACC00001216,,Current,BR008,132043.35,50,590614.95,841174.44
ACC00001217,Zinal Mohan,Savings,BR017,252751.29,25,144997.55,431673.36
ACC00001218,Jonathan Sahni,Savings,BR015,243240.89,25,221670.80000000002,358219.17
ACC00001219,Garima Deshmukh,Current,BR004,681906.28,10,3486.47,208859.33000000002
ACC00001220,Falguni Arora,Current,BR018,1400150.15,50,221342.72,1112792.06
ACC00001221,Falguni Arora,Current,BR017,1825243.68,50,645663.45,1191321.31
ACC00001222,Falguni Arora,Savings,BR015,323169.23,25,237860.80000000002,420512.21
ACC00001223,Manthan Manda,Savings,BR020,171509.46,25,264974.83,366573.58
ACC00001224,Andrew Grover,Current,BR002,23089.41,25,231519.61000000002,348784.13
ACC00001225,Andrew Grover,Current,BR019,1299831.93,50,662405.05,866394.23
ACC00001226,Andrew Grover,Fixed Deposit,BR020,1476978.06,10,44795.47,185999.52000000002
ACC00001227,,Fixed Deposit,BR004,3065606.54,10,152985.38,52459.75
ACC00001228,Amrita Natt,Current,BR010,1908110.62,25,167801.6,416024.16000000003
ACC00001229,,Fixed Deposit,BR006,3819435.55,25,372817.5,462512.92
ACC00001230,,Current,BR003,920235.89,25,272312.22000000003,421493.08
ACC00001231,,Fixed Deposit,BR020,2165744.83,25,299288.18,329695.35
ACC00001232,,Current,BR010,920386.34,25,345494.33,287246.27
ACC00001233,Amrita Issac,Fixed Deposit,BR006,949244.15,25,227827.38999999998,494615.24
ACC00001234,,Savings,BR015,310335.54,10,246777.14,31768.71
ACC00001235,,Fixed Deposit,BR016,2949137.47,25,148607.24,510520.93
ACC00001236,,Current,BR005,583945.4,10,94508.29000000001,218655.9
ACC00001237,Lakshit Hegde,Fixed Deposit,BR003,495338.59,25,219358.57,318082.15
ACC00001238,Lakshit Hegde,Current,BR009,1645683.6,25,165305.38,422626.91000000003
ACC00001239,Lakshit Hegde,Fixed Deposit,BR018,994673.27,25,172425.93,396533.33
ACC00001240,,Fixed Deposit,BR005,4812716.8,50,419813.82,1013952.6
ACC00001241,Zaitra Chaudhuri,Savings,BR020,460377.53,10,88459.25,249401.43
ACC00001242,Zaitra Chaudhuri,Current,BR003,1868528.36,25,99075.07,617002.54
ACC00001243,Chakrika Sehgal,Fixed Deposit,BR017,3633610.83,10,290801.43,57861.11
ACC00001244,Chakrika Sehgal,Current,BR010,540160.55,25,257104.54,374585.54
ACC00001245,,Savings,BR012,50355.23,25,309044.37,281592.95
ACC00001246,,Savings,BR007,210584.57,50,552395.05,787855.2
ACC00001247,,Fixed Deposit,BR008,3740975.81,25,367193.02,400445.11
ACC00001248,Omisha Varghese,Current,BR001,1108793.06,10,14374.6,133067.61000000002
ACC00001249,Nitara Korpal,Savings,BR019,475488.13,50,428836.24,778444.78
ACC00001250,,Savings,BR001,423724.34,25,73414.9,551268.26
ACC00001251,,Fixed Deposit,BR006,1615216.33,25,213594.22,474158.46
ACC00001252,,Fixed Deposit,BR015,2264570.19,50,203429.88999999998,976694.13
ACC00001253,Chandresh Bala,Savings,BR018,249916.34,50,453732.22,776719.92
ACC00001254,,Current,BR014,393395.35,50,356201.48,912960.52
ACC00001255,,Current,BR006,895584.61,10,125597.70999999999,234358.4
ACC00001256,,Savings,BR013,241045.16,25,139413.03,363383.68
ACC00001257,Finn Hans,Current,BR009,860302.34,50,365488.51,968082.1
ACC00001258,,Current,BR008,1001594.36,50,601513.55,753730.6
ACC00001260,,Fixed Deposit,BR014,1930988.56,25,182170.61,438423.64
ACC00001261,,Current,BR011,1536615.72,25,149635.84,408066.48
ACC00001262,Ethan Panchal,Current,BR008,36829.81,25,290107.75,499045.96
ACC00001263,Leela Mangal,Savings,BR014,338027.04,50,646277.2,999829.24
ACC00001264,,Savings,BR012,87473.08,10,144081.57,130168.67
ACC00001265,Onveer Shenoy,Savings,BR017,292439.37,50,625815.11,1107967.82
ACC00001266,,Fixed Deposit,BR001,3154791.17,50,214191.95,934583.15
ACC00001267,,Fixed Deposit,BR004,1076450.4,50,201759.63,968438.86
ACC00001268,Kritika Behl,Fixed Deposit,BR020,4251547.14,25,188730.58,346970.2
ACC00001269,Kritika Behl,Fixed Deposit,BR020,706753.09,25,209925.64,580355.95
ACC00001270,Kritika Behl,Fixed Deposit,BR013,4580877.79,25,187197.32,292833.13
ACC00001271,Bhavini Dora,Fixed Deposit,BR019,2339900.92,10,140930.99,115917.99
ACC00001272,Tristan Ratta,Savings,BR001,102491.8,10,259006.91999999998,231567.16999999998
ACC00001273,,Current,BR007,337395.35,10,7551.219999999999,162856.77000000002
ACC00001274,,Fixed Deposit,BR007,2313142.54,25,442648.73,412325.06
ACC00001275,,Savings,BR008,85343.56,25,427698.18,390471.2
ACC00001276,,Fixed Deposit,BR017,3498955.43,25,164719.73,453316.97000000003
ACC00001278,Libni Shankar,Fixed Deposit,BR004,3345904.1,10,164728.72,154240.12
ACC00001279,,Fixed Deposit,BR011,2173128.24,25,133419.44,283334.53
ACC00001280,Alka Magar,Current,BR019,12601.05,25,385225.94,158336.0
ACC00001281,,Savings,BR016,149220.42,25,47144.09,504191.41000000003
ACC00001282,,Savings,BR006,309790.92,50,292278.78,1008286.42
ACC00001284,Yatin Majumdar,Fixed Deposit,BR002,1638892.88,25,166891.94,311091.07
ACC00001285,,Current,BR013,1824061.47,50,301518.66000000003,1057896.52
ACC00001286,Hardik Sood,Savings,BR017,3242.03,25,197942.22,355522.07999999996
ACC00001287,Hardik Sood,Current,BR005,33234.83,10,65981.42,193330.27000000002
ACC00001288,Charles Raj,Fixed Deposit,BR019,3691180.21,50,420133.59,793974.65
ACC00001289,Nirja Nanda,Savings,BR008,365724.43,25,376004.09,291932.48
ACC00001290,Nirja Nanda,Savings,BR011,47875.77,50,456914.99,893299.64
ACC00001291,Nirja Nanda,Current,BR008,664385.77,50,1130479.0,623140.47
ACC00001292,,Fixed Deposit,BR019,2293748.46,25,186489.0,331805.29
ACC00001293,,Savings,BR008,334133.3,25,200349.72,615081.76
ACC00001294,,Fixed Deposit,BR013,4947525.7,10,140951.99,204886.75
ACC00001295,Chavvi Nori,Fixed Deposit,BR002,3135570.97,25,306083.19,120923.73
ACC00001296,,Fixed Deposit,BR001,3442749.88,25,199367.97,503646.57
ACC00001298,,Fixed Deposit,BR020,4847866.05,50,352513.27,906442.33
ACC00001299,,Fixed Deposit,BR019,877474.06,25,245276.35,347534.14
ACC00001300,Ati Varty,Current,BR006,584043.2,25,57481.73,402770.86
ACC00001301,Ati Varty,Current,BR015,184348.61,50,610350.5700000001,838847.34
ACC00001302,Yashoda Luthra,Fixed Deposit,BR013,444734.6,10,2868.26,188960.74
ACC00001303,Yadavi Buch,Fixed Deposit,BR015,4467056.53,50,263071.7,801731.0
ACC00001304,Yadavi Buch,Fixed Deposit,BR007,3758135.54,25,157162.06,336730.14
ACC00001305,Yadavi Buch,Fixed Deposit,BR006,1089998.52,10,177059.48,82172.72
ACC00001306,,Fixed Deposit,BR012,4936244.21,50,450976.57,742407.22
ACC00001308,,Fixed Deposit,BR002,1216677.15,50,603664.22,736096.85
ACC00001309,Urvi Tella,Fixed Deposit,BR001,1511249.12,10,100071.54,34213.08
ACC00001310,,Savings,BR001,50171.24,25,263211.74,395673.77999999997
ACC00001311,,Fixed Deposit,BR016,798903.41,10,8642.31,185914.84
ACC00001312,Kabir Deep,Savings,BR001,287732.47,50,213938.8,1101159.71
ACC00001313,Lohit Borah,Current,BR007,102115.25,50,224400.56,760533.0
ACC00001314,,Current,BR015,280667.96,50,772049.73,763602.84
ACC00001315,,Savings,BR018,350892.44,10,71041.7,143545.04
ACC00001316,Jagat Shroff,Savings,BR009,401311.08,25,453466.98,380954.52
ACC00001317,Jagat Shroff,Current,BR011,477116.72,25,306739.25,622487.39
ACC00001318,Chatresh Manne,Fixed Deposit,BR011,1514350.27,25,198734.02000000002,532533.13
ACC00001319,Chatresh Manne,Current,BR013,1556055.73,25,447828.37,210236.52000000002
ACC00001320,Samesh Purohit,Current,BR003,845305.99,25,256010.59000000003,620359.04
ACC00001321,Tara Loyal,Fixed Deposit,BR010,2023585.38,50,454425.21,776602.26
ACC00001322,Tara Loyal,Savings,BR004,136188.35,50,553666.71,835329.93
ACC00001323,Chakradhar Tata,Savings,BR005,229962.1,25,230863.56,458476.80000000005
ACC00001324,Aarini Andra,Savings,BR007,211167.89,25,110552.11,310346.48
ACC00001325,Ati Pant,Savings,BR008,294446.35,25,242671.53,388206.19
ACC00001326,Ati Pant,Current,BR011,731023.97,25,492177.13,146506.77
ACC00001327,,Current,BR004,1201866.62,25,334587.42,430739.08999999997
ACC00001328,Anika Kade,Fixed Deposit,BR020,669211.67,10,59080.56999999999,177729.04
ACC00001329,Anika Kade,Current,BR014,1756714.85,25,302737.38,646071.32
ACC00001330,,Fixed Deposit,BR007,2854753.77,10,57909.47,169765.93
ACC00001331,Ekapad Barad,Current,BR018,1464988.92,25,235100.82,542091.9
ACC00001332,Meghana Bava,Savings,BR011,35127.75,50,503190.89,870894.37
ACC00001333,Advik Date,Current,BR019,1533001.9,25,406497.67000000004,133053.75
ACC00001334,Advik Date,Current,BR003,1401612.93,10,7125.8,258974.31
ACC00001336,Rehaan Bhattacharyya,Fixed Deposit,BR012,3265577.79,10,187127.38,58175.420000000006
ACC00001338,Yutika Bumb,Savings,BR002,218523.58,25,97602.33,309865.67
ACC00001339,Aadi Parsa,Current,BR005,1577209.38,25,429574.35,429413.98
ACC00001340,Yochana Misra,Fixed Deposit,BR003,1300245.47,50,564133.39,843843.75
ACC00001343,,Current,BR016,1809556.05,50,750358.39,932202.96
ACC00001344,Yauvani Aurora,Savings,BR019,270568.14,10,177809.26,118961.73000000001
ACC00001345,Xalak Sharaf,Fixed Deposit,BR003,3777896.65,10,159620.72,197305.2
ACC00001346,Xalak Sharaf,Fixed Deposit,BR006,200851.84,50,815202.5700000001,808047.94
ACC00001347,Lakshit Sathe,Current,BR013,1124672.3,25,267780.17000000004,249969.81
ACC00001348,Theodore Gour,Fixed Deposit,BR010,1668908.28,25,347560.29000000004,639992.52
ACC00001349,,Fixed Deposit,BR014,469196.95,10,194683.91,153320.37
ACC00001350,,Fixed Deposit,BR006,347203.8,25,558325.83,371630.05
ACC00001351,,Current,BR010,1447673.12,50,420532.74,675032.9
ACC00001352,Siddharth Mannan,Savings,BR004,176923.36,25,57406.05,725566.67
ACC00001353,Siddharth Mannan,Savings,BR016,98787.6,10,74053.37,71760.9
ACC00001355,Amrita Sem,Current,BR013,338969.36,25,79649.75,618497.44
ACC00001356,Adya Kanda,Savings,BR020,189135.06,25,402243.66,331019.7
ACC00001357,Tarak Oza,Current,BR014,1912405.38,10,37133.89,72647.15
ACC00001358,,Savings,BR009,280250.74,25,384861.57,317151.62
ACC00001359,Logan Natt,Current,BR017,1249804.64,25,431584.91,303881.91
ACC00001360,,Current,BR013,373406.7,10,146944.31,111752.57
ACC00001361,,Fixed Deposit,BR009,1802692.61,50,562885.77,750157.29
ACC00001362,,Savings,BR009,93151.95,25,274546.38,497761.98
ACC00001363,,Savings,BR001,333086.17,25,263904.2,551415.46
ACC00001364,Jhalak Tak,Fixed Deposit,BR002,4255075.45,10,24068.699999999997,87564.54999999999
ACC00001365,Ayaan Sangha,Fixed Deposit,BR012,383453.24,25,85208.29999999999,537784.81
ACC00001366,,Current,BR017,1238154.92,50,368188.65,848291.42
ACC00001368,Vaishnavi Shankar,Fixed Deposit,BR011,4707026.13,10,45913.21,235630.11000000002
ACC00001369,Vaishnavi Shankar,Savings,BR011,236428.76,50,496201.07,865022.48
ACC00001370,Azaan Vaidya,Savings,BR016,216752.66,25,191323.67,343481.07
ACC00001371,Ojasvi Dara,Current,BR011,1952860.3,10,220907.66,249070.34999999998
ACC00001372,Nilima Chadha,Savings,BR004,81206.27,50,686317.68,904780.29
ACC00001373,Lekha Kalita,Fixed Deposit,BR008,2626977.38,50,95278.69,887415.7999999999
ACC00001374,,Savings,BR006,93012.97,25,402202.56,541054.05
ACC00001376,,Fixed Deposit,BR019,4538452.59,10,243079.34,108832.31
ACC00001377,,Current,BR006,62685.79,50,373969.83,816388.62
ACC00001378,,Savings,BR015,421435.88,25,261842.74,352285.76
ACC00001379,,Current,BR014,1388294.65,50,611729.6,911811.04
ACC00001380,Bhanumati Deshpande,Current,BR008,1834354.19,25,252937.5,443374.14
ACC00001381,,Savings,BR012,373478.79,25,100140.76,583044.01
ACC00001383,Hamsini Nair,Fixed Deposit,BR002,2658724.99,50,944777.97,742445.44
ACC00001384,Hamsini Nair,Current,BR017,433776.5,25,261802.06,507016.49
ACC00001385,Wridesh Mani,Fixed Deposit,BR001,3417576.85,50,130560.29000000001,1106413.04
ACC00001386,Jai Sharaf,Current,BR014,1623915.28,50,586538.97,776519.12
ACC00001387,Jai Sharaf,Fixed Deposit,BR013,368658.9,50,631208.41,875203.5900000001
ACC00001388,,Savings,BR012,483343.36,50,335996.64,778657.26
ACC00001389,Manthan Lal,Savings,BR010,235570.03,50,584980.69,902854.67
ACC00001390,Amol Ganguly,Fixed Deposit,BR003,3595971.15,50,240851.74,775428.87
ACC00001391,Amol Ganguly,Fixed Deposit,BR003,1370538.08,25,394874.29000000004,288112.27
ACC00001392,Amol Ganguly,Fixed Deposit,BR018,100724.95,50,556860.21,1062628.18
ACC00001393,Jairaj Bakshi,Current,BR010,1980458.19,25,200339.53999999998,518488.98
ACC00001394,Jairaj Bakshi,Savings,BR014,277142.77,50,288550.83,760868.12
ACC00001395,Theodore Choudhry,Fixed Deposit,BR001,4783247.18,25,329774.18,325387.28
ACC00001396,Theodore Choudhry,Savings,BR002,122402.36,25,279846.08,770128.56
ACC00001397,Abdul Purohit,Fixed Deposit,BR019,4915018.45,50,453410.98,780759.22
ACC00001398,Ayush Dhaliwal,Current,BR009,172950.98,10,5735.89,93519.39
ACC00001399,Vrinda Kuruvilla,Fixed Deposit,BR010,4090218.99,50,492598.58999999997,1137730.07
ACC00001400,Janya Mody,Current,BR003,861744.71,10,140305.76,284258.22
ACC00001401,Janya Mody,Fixed Deposit,BR010,66778.0,25,317160.02999999997,652955.86
ACC00001402,Janya Mody,Current,BR015,1028962.12,50,598761.1599999999,789546.6
ACC00001403,,Savings,BR009,326326.1,50,939871.67,843760.65
ACC00001405,,Fixed Deposit,BR020,1194592.85,25,368639.41000000003,388870.41
ACC00001406,,Savings,BR009,468811.38,25,428637.99000000005,287947.22000000003
ACC00001408,Fitan Ravi,Current,BR002,396495.3,25,53670.36,595005.9400000001
ACC00001409,Fitan Ravi,Fixed Deposit,BR011,1238831.53,50,423358.04,697607.28
ACC00001410,Manthan Nath,Current,BR006,1461341.08,10,136063.96,104808.76000000001
ACC00001411,Keya Puri,Current,BR018,1027326.92,50,493569.67000000004,665055.5599999999
ACC00001412,,Fixed Deposit,BR007,4491717.97,25,153827.25,233612.78
ACC00001413,Gaurang Thaman,Fixed Deposit,BR005,4324803.64,25,294484.84,285908.01999999996
ACC00001414,Balhaar Barman,Current,BR009,1910612.61,50,736537.45,716464.21
ACC00001416,,Current,BR005,232302.33,10,31417.23,180118.81
ACC00001417,,Current,BR009,1579181.15,50,494120.23,820674.99
ACC00001420,,Savings,BR007,482381.23,50,541397.89,906774.99
ACC00001421,,Fixed Deposit,BR018,2840646.74,25,349251.18,662471.25
ACC00001422,Aadhya Bail,Fixed Deposit,BR014,1255672.75,25,539411.16,248052.97
ACC00001423,,Current,BR018,1660910.68,50,720631.41,1063773.4
ACC00001424,Yatin Puri,Fixed Deposit,BR019,595947.64,50,469207.02999999997,911536.45
ACC00001426,,Fixed Deposit,BR005,238450.22,10,122889.85,102303.02
ACC00001427,,Fixed Deposit,BR016,2359249.67,25,279706.45,380034.57
ACC00001428,,Fixed Deposit,BR016,4972395.89,25,236234.28,392119.70999999996
ACC00001429,,Fixed Deposit,BR016,2492446.08,25,350377.74,391757.67000000004
ACC00001430,,Fixed Deposit,BR008,4765765.91,10,42140.20999999999,129297.26
ACC00001431,Wyatt Bala,Current,BR005,244261.29,50,459636.11,1100014.01
ACC00001432,Wyatt Bala,Current,BR004,1983570.25,50,630806.0,1048659.61
ACC00001433,,Savings,BR007,115932.81,25,71858.92,589615.21
ACC00001434,Nathaniel Seth,Savings,BR007,128734.86,50,720984.76,673669.88
ACC00001435,,Current,BR016,1296406.87,25,125308.19,584197.75
ACC00001436,Anusha Thakkar,Fixed Deposit,BR002,4871497.63,50,664203.58,1175094.55
ACC00001437,Anusha Thakkar,Current,BR014,1197932.74,25,419109.63,302284.09
ACC00001438,Chandresh Tailor,Fixed Deposit,BR019,2806063.6,50,528307.72,990987.66
ACC00001439,,Fixed Deposit,BR006,132519.61,50,423712.44,881857.25
ACC00001440,Libni Sarin,Current,BR004,744695.72,25,126655.08,495313.88
ACC00001441,Libni Sarin,Savings,BR001,468295.41,25,101069.78,809727.99
ACC00001442,,Current,BR017,25927.05,25,472121.22000000003,516166.52999999997
ACC00001443,Gaurang Chaudhari,Current,BR018,935134.33,10,161127.25,110957.48
ACC00001445,Gaurang Chaudhari,Current,BR007,605298.39,25,241958.11000000002,308418.02
ACC00001446,Wridesh Sahota,Fixed Deposit,BR020,421969.66,10,9368.130000000001,121337.18
ACC00001447,,Fixed Deposit,BR001,1929966.63,50,293111.61,1194465.5
ACC00001448,,Current,BR016,717138.83,50,1162901.99,666104.83
ACC00001449,Osha Agate,Savings,BR007,471579.47,25,226992.74000000002,450882.22
ACC00001450,Osha Agate,Savings,BR005,247452.08,10,33799.89,152033.97999999998
ACC00001451,Osha Agate,Fixed Deposit,BR018,2070601.61,25,392760.64,517198.11
ACC00001452,,Current,BR010,487049.2,25,113310.33,487320.27
ACC00001453,,Fixed Deposit,BR011,1444290.65,25,242363.47999999998,690471.91
ACC00001454,,Fixed Deposit,BR018,4478440.96,50,332506.66000000003,1069094.46
ACC00001455,Karan Chaudhuri,Savings,BR018,196033.57,25,498075.83999999997,626743.5
ACC00001456,Ucchal Gulati,Fixed Deposit,BR011,4684143.76,10,194457.28,121633.11
ACC00001457,Nidhi Samra,Current,BR008,793542.81,10,173573.55000000002,71086.28
ACC00001458,Nakul Oza,Current,BR005,379177.9,25,331035.6,434925.69
ACC00001459,Nakul Oza,Savings,BR004,221344.84,50,378683.62,817767.91
ACC00001460,Nakul Oza,Savings,BR001,450242.19,50,567019.98,763313.9299999999
ACC00001461,Aishani Mallick,Current,BR005,1695216.82,50,301751.05,853630.65
ACC00001462,Libni Sen,Savings,BR008,92381.56,25,125275.44,397510.54
ACC00001463,Libni Sen,Fixed Deposit,BR013,363270.82,25,124813.47,520388.96
ACC00001464,Sara Mohan,Current,BR007,1138684.97,25,335638.92,360553.77999999997
ACC00001465,Krisha Chada,Fixed Deposit,BR017,626451.22,50,550565.02,555700.21
ACC00001466,Krisha Chada,Current,BR007,1174952.28,50,1076965.3599999999,665188.1
ACC00001467,Krisha Chada,Savings,BR017,46364.73,25,136261.26,494629.86
ACC00001468,Nathan Bahl,Current,BR001,1927214.57,25,211414.43,341689.77
ACC00001469,Brijesh Sundaram,Fixed Deposit,BR008,4352308.14,25,503957.63,257371.4
ACC00001470,Brijesh Sundaram,Fixed Deposit,BR014,4262068.61,25,168370.54,446341.72
ACC00001471,Kashish Gulati,Savings,BR016,458463.76,25,281123.18,153184.8
ACC00001472,Kashish Gulati,Fixed Deposit,BR010,2162719.62,25,228629.65,530145.32
ACC00001474,,Savings,BR014,234843.68,25,165601.66,487623.52999999997
ACC00001475,,Fixed Deposit,BR008,4929240.23,25,310978.52,766632.03
ACC00001476,,Savings,BR012,137640.75,25,180216.63,403175.37
ACC00001477,,Savings,BR019,57215.03,50,779665.05,1115688.17
ACC00001478,,Current,BR008,1551670.89,10,247590.31,164066.89
ACC00001479,,Fixed Deposit,BR003,3466576.67,10,330711.83,110519.36
ACC00001480,,Savings,BR007,310717.97,50,851530.98,748956.73
ACC00001481,,Savings,BR016,398509.38,25,175887.94,556991.06
ACC00001482,,Current,BR007,1919796.0,25,282848.97000000003,440245.57999999996
ACC00001483,Anya Sandal,Savings,BR015,143306.45,50,356377.86,863869.01
ACC00001485,Faraj Batta,Fixed Deposit,BR018,1374291.23,25,202456.86,492221.27
ACC00001486,Mitesh Chhabra,Savings,BR001,146798.98,25,275540.92,500063.13
ACC00001487,Anita Basak,Savings,BR019,325600.5,25,329726.57999999996,469933.06
