customer_id,customer_name,total_accounts,total_balance,total_transactions,total_credit_amount,total_debit_amount
CUST000001,Teerth Parmar,1,924368.38,25,264464.92,640396.35
CUST000002,Indrajit Bajaj,1,322201.11,10,48421.93000000001,66684.45
CUST000003,Upma Sharma,2,545112.35,75,834438.22,1111363.81
CUST000004,Utkarsh Nair,1,701378.9,25,214923.59000000003,439245.48000000004
CUST000005,Liam Agrawal,1,388859.38,25,49647.89,429241.97
CUST000006,Anusha Ravi,1,412619.3,50,572210.35,636295.89
CUST000007,Yashvi Ghose,1,321493.78,10,145595.71,135202.83000000002
CUST000008,Neha Dash,1,417777.8,50,491519.13,990395.98
CUST000009,Zashil Desai,1,1615025.72,10,251732.99,206181.43
CUST000010,Ekta Edwin,1,324633.45,25,524644.13,450082.39
CUST000011,Sachi Gala,2,4000349.55,75,719034.51,1448103.25
CUST000012,Dominic Shanker,2,4451783.850000001,35,341648.79,530268.46
CUST000013,Laban Amble,1,213548.29,10,186021.15,53267.399999999994
CUST000014,Kritika Tandon,3,2884178.74,100,1283127.82,2178460.77
CUST000015,Maanas Chahal,1,368213.32,50,552046.4299999999,1124231.63
CUST000016,Advik Wason,1,3806822.5,25,45377.37,583572.0
CUST000017,Bhavna Talwar,1,2679561.01,25,111634.32999999999,506218.77999999997
CUST000018,Tarak Pant,2,3801636.67,75,773520.25,1227126.89
CUST000019,Rayaan Kata,2,1499897.4,50,643841.69,841006.12
CUST000020,Isha Mallick,0,0.0,0,0.0,0.0
CUST000021,Gayathri Mahal,1,4463644.71,10,50776.96,161811.65
CUST000022,Omisha Oommen,1,415182.62,50,646066.85,767670.7
CUST000023,Nandini Pillai,1,1023932.79,50,598170.95,623572.91
CUST000024,Gopal Saraf,1,1600591.53,25,169738.13,397549.29
CUST000026,Meera Baral,1,985842.38,10,21728.940000000002,159487.21
CUST000027,Naksh Tata,2,2644178.7600000002,35,48286.31,692284.7
CUST000028,Wahab Kaul,1,1313132.31,10,46969.18,203850.79
CUST000029,Manthan Raman,0,0.0,0,0.0,0.0
CUST000030,Wriddhish Parikh,1,414436.74,50,378642.06,763196.45
CUST000031,Azad Munshi,1,151452.28,25,516651.64,456022.53
CUST000032,Bhavini Sidhu,1,402363.37,25,157992.5,630961.94
CUST000033,Aadhya Kannan,2,1154666.62,75,742007.61,1419844.93
CUST000034,Maanav Sandal,2,223616.25,35,422865.6,591667.08
CUST000036,Zaid Shankar,1,493149.82,50,522344.83999999997,758287.92
CUST000037,Sudiksha Chakraborty,0,0.0,0,0.0,0.0
CUST000038,Yadavi Ben,2,3273551.95,50,442763.52,879925.95
CUST000039,Vedika Doshi,1,3660161.15,10,122350.37,137513.8
CUST000040,Hardik Loke,2,806919.19,50,650431.37,753175.48
CUST000041,Ranbir Boase,2,1413511.43,35,260747.71,728041.28
CUST000043,Barkha Pathak,1,1883365.53,10,39306.8,86508.32
CUST000044,Lavanya Srinivas,1,501576.41,25,252266.59,272543.27
CUST000045,Ryan Pillai,2,708613.58,75,737371.67,1136107.55
CUST000046,Rohan Bains,1,347672.91,10,100302.19,135217.89
CUST000047,Mason Loke,0,0.0,0,0.0,0.0
CUST000048,Avni Dave,1,4248492.51,50,669718.8,1109657.98
CUST000049,Siya Varughese,3,4222900.27,45,223595.71,797247.24
CUST000052,Kalpit Mangat,3,2419815.96,60,136391.92,1244152.75
CUST000053,Anya Sood,1,259676.32,10,285031.59,88913.83
CUST000054,Girindra Bajaj,1,265875.18,25,397922.36,444261.59
CUST000055,Anya Sheth,1,3188955.52,25,402736.91000000003,463648.86
CUST000056,Chandani Gara,1,102062.56,10,805.59,263919.67
CUST000057,Tristan Khurana,1,329876.86,25,374513.63,378730.64
CUST000058,Samar Swamy,1,657620.12,50,570237.61,1070506.58
CUST000060,Jonathan Sama,1,3781026.7,10,12008.380000000001,93649.75
CUST000061,Nisha Dugal,1,2822878.69,25,31997.379999999997,485700.04
CUST000062,Harish Natarajan,1,1889600.83,25,312850.36,262570.05
CUST000063,Dev Sandal,1,608352.21,10,135596.8,155937.74
CUST000064,Yochana Nagi,1,65447.2,50,825198.04,800659.26
CUST000065,Tejas Bora,1,701878.03,25,461553.35000000003,456020.78
CUST000066,Lekha Rajan,2,4604614.359999999,75,930164.9400000001,946138.86
CUST000067,Rachana Iyengar,1,3397141.66,10,3847.14,215889.63
CUST000068,Ekani Rout,2,1694808.1,75,438158.52,1445631.91
CUST000069,Chandani Batta,2,417723.88,35,503450.07999999996,601867.59
CUST000070,Wriddhish Ramakrishnan,1,105197.6,10,18150.72,90693.90999999999
CUST000071,Gautami Viswanathan,1,305014.33,50,844820.3,827695.89
CUST000074,Hardik Batra,1,653582.6,25,512898.87,236242.71000000002
CUST000075,Upasna Taneja,1,468294.49,25,371248.89,365283.67
CUST000076,Osha Buch,2,1139714.69,50,288763.18,958717.69
CUST000078,Qarin Kade,1,4654155.72,25,87758.99,517938.17
CUST000079,Sai Magar,1,4807704.93,50,505884.72000000003,526108.41
CUST000080,Tanvi Ravel,1,64357.69,25,349367.75,335162.76
CUST000081,Bimala Ramachandran,3,2499114.8200000003,85,617205.51,1364382.81
CUST000082,Akshay Pall,1,326931.79,50,411798.04,834784.9
CUST000083,Nathaniel Chowdhury,2,4260626.55,20,76528.40000000001,163526.77
CUST000084,Vasudha Karnik,2,812868.5900000001,50,432901.58,976190.22
CUST000085,Ekantika Atwal,2,1943758.0799999998,50,937619.9299999999,733596.0499999999
CUST000086,Zashil Rastogi,1,138377.77,25,225929.04,509122.77
CUST000087,Sathvik Magar,3,4978118.9,85,1413332.34,1176073.82
CUST000088,Raksha Patil,1,126119.67,50,547317.63,871043.4500000001
CUST000089,Warjas Murthy,2,2612762.65,75,799769.16,1063417.51
CUST000090,Baljiwan Sule,1,490026.13,10,153720.53,199165.13
CUST000092,Chandresh Chhabra,0,0.0,0,0.0,0.0
CUST000093,Tanveer Pau,0,0.0,0,0.0,0.0
CUST000094,Vincent Jain,1,1257625.95,25,275452.49,515211.12
CUST000095,Nisha Mohanty,3,6326920.53,150,1528524.05,2395567.7
CUST000096,Ekta Ramakrishnan,2,1562408.46,100,1158542.31,1747107.25
CUST000097,Jagat Talwar,0,0.0,0,0.0,0.0
CUST000098,Falguni Saha,1,2830526.97,10,24220.72,64122.17
CUST000099,Aashi Subramanian,1,1057325.8,50,631079.59,859742.11
CUST000101,Laksh Talwar,1,306564.33,25,210562.38,496586.87
CUST000102,Hemani Kala,1,467653.65,50,636659.86,840877.5
CUST000103,Arjun Puri,2,5018344.340000001,50,502470.46,799327.41
CUST000104,Amaira Jani,2,3189481.9299999997,60,438904.28,1197044.76
CUST000105,Hemang Rai,1,465305.32,50,461731.22,853244.9400000001
CUST000106,Jalsa Bhattacharyya,2,1698738.6700000002,60,421691.69,1130904.24
CUST000108,David Sastry,1,3335428.97,50,473395.36,1128592.37
CUST000109,Lohit Sundaram,1,663828.21,25,42969.61,476637.02
CUST000110,Rachit Shan,1,296985.84,10,174119.21,128694.37000000001
CUST000111,Gavin Brar,1,125273.61,25,161565.38,387335.94
CUST000112,Kritika Jain,2,4792519.88,35,779483.6799999999,406773.69
CUST000113,Vansha Ratta,2,451960.72000000003,50,315444.53,1186267.19
CUST000114,Varsha Bhavsar,1,1306605.22,25,117599.14,281897.71
CUST000115,Janya Brar,1,69963.9,25,494121.22,425382.10000000003
CUST000116,Kashvi Sachdeva,2,2442531.93,35,119934.64,610713.58
CUST000117,Omkaar Basak,3,2678648.89,100,1009205.34,1718114.5
CUST000118,Aarush Dani,1,1505375.19,25,219136.47999999998,506486.54000000004
CUST000120,Abha Barman,3,2201492.65,85,1073952.22,1534237.8699999999
CUST000121,Barkha Das,1,265167.53,25,116552.59999999999,467990.13
CUST000122,Warjas Comar,3,4096436.76,70,785208.31,1155571.95
CUST000123,Falak Amble,2,2709136.9000000004,60,611476.69,1279376.23
CUST000124,Upma Sarraf,1,1019974.1,25,337940.63,366394.95
CUST000125,Ubika Dora,2,3692474.91,35,245804.46000000002,642566.98
CUST000127,Ojas Memon,1,478723.38,10,181528.38999999998,197704.7
CUST000128,Samarth Parikh,1,287787.6,25,208099.69,521914.12
CUST000129,Alka Bhavsar,1,385401.92,10,100015.37999999999,206914.88
CUST000130,Nirja Sachdeva,1,3166172.5,50,631375.8099999999,820591.61
CUST000131,Harshil Sinha,1,2844380.23,10,235074.16,130659.0
CUST000132,Shaurya Mital,2,2401463.2600000002,75,1025752.7200000001,1119922.43
CUST000134,Naksh Sandal,1,938503.1,10,240178.37,99734.92
CUST000135,Pushti Palla,1,2841983.16,25,216013.61,460062.72
CUST000136,Ubika Gupta,3,9893852.629999999,125,1278495.95,2318911.58
CUST000137,Reyansh Gupta,1,3159244.26,25,531129.53,282515.62
CUST000138,Bachittar Chaudhuri,1,4752689.25,50,248003.92,740845.01
CUST000139,Ria Balan,1,325205.67,50,109833.14,1088075.01
CUST000140,Aradhana Mallick,1,103268.32,10,104752.98000000001,195580.51
CUST000141,Laban Khosla,1,3442031.7,10,154228.41999999998,191868.77
CUST000142,Rishi Kant,2,2002607.72,75,1000206.27,1340622.71
CUST000143,Faras Bath,2,4921069.21,50,450007.28,745578.77
CUST000144,Rudra Bhalla,1,1014723.64,25,312772.89999999997,490027.04000000004
CUST000145,Andrew Dhawan,1,726919.78,25,112135.2,472349.08999999997
CUST000146,Kai Bains,2,1310296.58,50,301967.86,716225.96
CUST000147,Triveni Balay,1,2546340.14,25,402684.93000000005,470651.62
CUST000148,Zashil Kala,1,1051111.27,25,327371.71,445161.07
CUST000149,Jyoti Parikh,2,173203.64,100,1202516.21,1885313.66
CUST000150,Praneel Madan,1,142168.66,10,134184.06,151423.37
CUST000151,Ojasvi Mani,2,1349409.18,60,403266.39999999997,1134345.47
CUST000152,Libni Buch,1,707207.71,25,171351.47999999998,540674.36
CUST000154,Eshana Bedi,2,2182530.33,100,837066.39,1860735.47
CUST000155,Adweta Dayal,1,4002074.95,10,26612.01,213477.81
CUST000156,Chatresh Shere,2,2077204.11,75,1146785.3800000001,1247409.07
CUST000157,Anthony Garg,2,946399.6,75,779320.37,1116660.46
CUST000158,Aarnav Saran,1,31319.75,50,781487.75,655249.37
CUST000160,Ishanvi Dewan,1,4540750.62,50,488588.0,794882.04
CUST000161,Jeevika Deep,2,2084549.5299999998,100,825886.84,1883537.16
CUST000162,Pooja Mane,2,4479022.69,35,135100.95,580752.14
CUST000163,Yashvi Dara,3,938726.98,100,754725.79,1829968.55
CUST000164,Amaira Bhatnagar,1,4526805.67,25,42667.59,835856.53
CUST000165,Mahika Patla,1,2014409.64,10,7816.17,166182.03
CUST000166,Krisha Warrior,0,0.0,0,0.0,0.0
CUST000169,Widisha Singh,1,364952.61,25,219971.37,388406.43
CUST000170,Harita Bhatia,2,3117295.1399999997,75,645989.56,1446149.93
CUST000171,Alka Kari,3,2067386.13,125,1694122.89,1755094.02
CUST000172,Warhi Dube,1,2902720.22,50,487395.4,1041470.98
CUST000173,Brijesh Setty,1,4625491.01,25,377223.94,644254.14
CUST000174,Charles Bail,1,70149.64,10,125848.17,229302.15
CUST000175,Lipika Bhagat,2,1550302.27,50,585384.17,792713.67
CUST000176,Rachita Wagle,1,207194.33,25,107949.81,324949.99
CUST000177,Naksh Gokhale,1,492711.26,25,315990.06,383552.33999999997
CUST000178,Amol Brahmbhatt,3,3609031.24,70,515744.63,1233758.24
CUST000179,Ayush Karpe,1,482856.64,50,336100.74,812023.92
CUST000180,Bhanumati Nair,1,454231.36,50,843914.53,529740.9
CUST000181,Wakeeta Pau,1,3956975.96,50,457188.11,1054830.71
CUST000182,Jeevika Garg,2,1851807.8699999999,50,740319.1,741532.2
CUST000183,Saumya Raju,2,1682119.6700000002,50,756492.78,684565.46
CUST000184,Laksh Bassi,1,3392059.8,25,259276.52,610685.78
CUST000185,Dominic Upadhyay,1,1640519.13,25,583973.01,292673.04
CUST000186,Falak Dani,1,885574.02,25,169242.15,611425.34
CUST000187,Libni Muni,1,130666.48,25,101654.02,471410.38
CUST000188,Xavier Kala,2,2560266.8,50,545911.33,705494.19
CUST000189,Lila Panchal,2,4290710.63,35,146870.72,586499.29
CUST000190,Anthony Puri,1,170849.04,50,373146.64999999997,480708.17000000004
CUST000191,Qabil Raja,1,104920.73,50,537076.72,870711.16
CUST000195,Charvi Sinha,1,877284.42,25,439527.18,506496.71
CUST000196,Tripti Ram,1,4069786.87,10,80314.73000000001,246097.51
CUST000197,Harshil Baral,1,29381.91,10,7834.66,160700.9
CUST000198,Garima Majumdar,2,1104077.44,100,1315728.5,1507210.34
CUST000199,Sara Shetty,2,1095958.96,20,274445.18000000005,259017.98
CUST000200,Lajita Madan,1,684926.5,25,441273.62,296474.79
CUST000201,Elijah Kurian,1,397542.74,50,402909.55,1145120.82
CUST000202,Tanvi Bose,1,1762356.24,10,40073.38,205181.18
CUST000203,Chanakya Palla,1,81900.65,10,70592.87000000001,115323.22
CUST000205,Nikita Talwar,1,582856.13,10,13547.619999999999,120871.34999999999
CUST000206,Devika Chandran,2,2899735.96,75,504560.12,1286752.98
CUST000207,Bimala Kapoor,1,1607198.59,50,647989.38,833561.51
CUST000208,Kevin Dara,1,2404549.46,25,275974.48000000004,379982.78
CUST000209,Jagat Nigam,1,1732170.56,50,319428.55,894309.59
CUST000210,Yochana Dewan,1,2612703.39,10,329349.63,166647.05
CUST000211,Chatresh Bath,2,6795585.37,50,528122.53,702914.43
CUST000212,Shivansh Bhatnagar,0,0.0,0,0.0,0.0
CUST000213,Joshua Mistry,2,5587774.82,35,451634.58,577238.81
CUST000214,Udyati Walia,1,1546635.56,10,86406.25,239193.58000000002
CUST000215,Yutika Patla,2,5109052.57,60,918281.62,790645.34
CUST000216,Manthan Tak,1,346622.35,25,135506.36000000002,405580.74000000005
CUST000217,Nisha Sodhi,1,2954923.6,25,355513.23000000004,395565.75
CUST000218,Tejas Kaul,0,0.0,0,0.0,0.0
CUST000219,Baghyawati Mukherjee,2,2476908.79,35,718794.79,419106.61
CUST000220,Inaya Thakur,3,3740076.41,85,1012927.1000000001,1205002.69
CUST000221,Qushi Sachdev,2,2016522.61,35,388086.76,493371.45999999996
CUST000222,Yutika Deo,2,3428333.5,50,322168.45999999996,863649.26
CUST000223,Tejas Sridhar,2,3072465.59,50,444188.94,826262.4
CUST000224,Ekbal Biswas,0,0.0,0,0.0,0.0
CUST000225,Lila Chaudhry,2,2207350.62,75,1024128.98,1124100.96
CUST000226,Advik Peri,1,115625.61,10,528.68,376495.98000000004
CUST000227,Qasim Devi,1,1927517.6,25,138777.35,367976.86
CUST000228,Mohini Zachariah,2,418310.31,75,743707.77,1019527.59
CUST000229,Oscar Ganguly,1,167558.8,25,822279.91,316058.3
CUST000230,Kavya Bhargava,1,2062507.7,25,268934.46,383847.52
CUST000231,Chatresh Singh,1,498802.15,50,283808.37,999459.05
CUST000232,Mekhala Bose,2,929798.32,75,910122.0700000001,1134230.7
CUST000233,Kashish Bala,2,1934424.39,100,723219.9400000001,1894758.82
CUST000234,Samuel Majumdar,2,2002772.88,75,1197245.65,1168032.82
CUST000235,Anvi Deshmukh,2,6589662.8,100,1136308.77,1263757.41
CUST000236,Chasmum Ratti,1,2965447.14,50,948495.54,814832.55
CUST000237,Bina Lal,2,4319080.66,60,612465.0599999999,666443.89
CUST000238,Manbir Singhal,1,2297120.95,25,72330.94,503208.15
CUST000239,Nisha Upadhyay,1,816094.07,10,11073.89,143883.41
CUST000241,Jeevika Krishnan,1,36679.39,10,28025.73,245329.64
CUST000242,Abha Contractor,1,663414.79,10,63105.45,150609.38
CUST000243,Ethan Munshi,2,4417632.53,75,1034172.48,1172861.94
CUST000244,Aryan Modi,1,1737133.88,50,600268.13,600192.84
CUST000245,Bhavya Agate,2,2569914.25,75,953302.31,1170236.26
CUST000247,Bachittar Krishna,0,0.0,0,0.0,0.0
CUST000248,Adya Kothari,2,372095.21,60,718173.52,1010981.4
CUST000249,Udyati Chokshi,1,283486.98,25,140811.12,286727.04000000004
CUST000250,Gavin Salvi,1,255151.33,25,182935.01,310247.47
CUST000251,Vasatika Master,1,430229.47,25,168888.32,317741.59
CUST000252,Oviya Dhingra,1,4952872.04,25,333145.77,382580.37
CUST000253,Panini Yogi,2,551955.45,75,816162.9,976520.19
CUST000254,Neel Varty,0,0.0,0,0.0,0.0
CUST000256,Ranbir Nagar,1,1280099.88,25,48879.05,591344.25
CUST000257,George Mallick,1,1745921.37,10,116090.45999999999,113417.65
CUST000258,Utkarsh Dua,0,0.0,0,0.0,0.0
CUST000259,Mason Desai,2,4574309.56,75,1007149.59,851534.03
CUST000260,Urmi Nagarajan,1,81815.51,25,450929.0,324142.92
CUST000261,Yug Wali,3,3688287.59,100,1500339.37,1355584.74
CUST000262,Warda Patel,0,0.0,0,0.0,0.0
CUST000263,Ekanta Patla,1,1653620.68,50,631607.45,681797.44
CUST000264,Falguni Kashyap,1,1941510.2,25,56921.600000000006,524535.12
CUST000265,Quincy Patla,2,3365525.2699999996,100,749474.29,1585407.5999999999
CUST000266,Krishna Srinivas,1,4335061.25,50,509025.15,908281.83
CUST000267,Rachit Murty,3,3573379.4299999997,60,701347.42,1152294.76
CUST000268,Reva Hayer,1,1354427.57,25,105311.71999999999,444799.59
CUST000269,Christopher Wason,2,2023841.4100000001,35,278244.79,620061.59
CUST000270,Lakshmi Venkatesh,3,4144004.03,60,379320.83,828994.64
CUST000271,Kritika Chand,0,0.0,0,0.0,0.0
CUST000272,Arunima Som,2,2081193.0899999999,35,561979.4,606069.04
CUST000273,Edhitha Panchal,2,1673880.31,50,587852.52,736262.59
CUST000274,Riya Sibal,1,1131093.92,10,65026.369999999995,299462.86
CUST000275,Sai Anand,3,1048770.1600000001,85,1157386.76,1570977.15
CUST000276,Ekani Agate,1,329730.88,50,499220.04000000004,610858.88
CUST000279,Vinaya Lala,1,204497.95,50,565416.03,1012059.13
CUST000280,Faraj Bhalla,1,3294739.81,25,290916.86,303335.52
CUST000281,Udant Kalita,1,1771522.08,50,382271.98,1118284.54
CUST000282,Ranveer Hora,1,311383.08,25,329980.73,199661.89
CUST000283,Tara Oza,2,3517552.8600000003,35,583301.15,585524.86
CUST000284,Teerth Dube,1,774782.13,10,290968.16,281501.88
CUST000285,Zansi Devan,2,350722.73,60,944841.55,855741.7000000001
CUST000286,Kiaan Agate,2,2476760.04,75,720275.53,1283742.82
CUST000287,Zaid Shan,2,5565602.67,35,539321.88,590199.22
CUST000288,Chaaya Bajaj,1,1864668.22,50,799553.91,648050.02
CUST000289,Pushti Rau,2,584037.56,60,553503.26,1140890.91
CUST000290,Aadhya Mistry,2,511572.26,35,258846.43,442554.3
CUST000291,Ranbir Virk,1,4773575.46,50,523652.26,709551.85
CUST000292,Chatura Sule,2,598019.83,35,192022.85,726863.3
CUST000293,Pallavi Virk,2,387836.4,60,764725.05,1003938.94
CUST000295,Wahab Pillay,1,342414.69,25,219124.5,570237.95
CUST000296,Libni Kamdar,2,1040277.75,75,461914.22000000003,1577382.12
CUST000297,Deepa Thaker,1,4648394.37,50,467154.52,1019588.37
CUST000298,Teerth Sha,1,750548.18,25,204702.0,418539.18
CUST000299,Varsha Kanda,2,908949.18,75,542098.4,1317136.04
CUST000300,Vamakshi Ahluwalia,1,4740454.46,25,160863.28999999998,338970.29
CUST000301,Geetika Bhargava,1,1491191.49,25,277168.68,243044.78
CUST000302,Anita Ahluwalia,0,0.0,0,0.0,0.0
CUST000303,Abhimanyu Bahri,1,1829223.95,50,292039.61,986678.28
CUST000304,Avni Rastogi,1,4086828.66,25,65154.84,401950.58
CUST000306,Daksh D’Alia,2,840703.48,75,888508.84,1322651.28
CUST000307,Yamini Thaman,2,893422.98,100,684091.31,1996407.59
CUST000308,Jalsa Narain,2,2319088.01,35,466040.11,801178.27
CUST000309,Hema Gara,3,6860560.1,85,744630.58,1713567.64
CUST000310,Sanya Chaudry,2,312044.16,20,291253.96,147199.52
CUST000311,Nihal Randhawa,1,1698528.23,10,19189.29,234275.31
CUST000312,Forum Upadhyay,2,1961133.79,20,56227.54,368606.72
CUST000313,Viraj Minhas,1,473081.83,25,191238.77,419107.54000000004
CUST000314,Siddharth Batta,1,1729480.7,10,118893.18000000001,154115.95
CUST000315,Ishani Tailor,1,1154333.66,25,374565.75,479309.87
CUST000316,Vasana Jani,1,539268.5,25,373698.31,434293.97
CUST000317,Chanchal Bath,1,396866.15,25,440955.72,320947.25
CUST000318,Indali Barad,3,3990272.59,100,661179.13,2283823.48
CUST000319,Theodore Naidu,1,1823749.0,25,78311.88,512000.37
CUST000320,David Buch,1,2576891.63,25,151845.84,329764.54
CUST000321,Dalaja Dey,2,1209953.0,50,315102.76,946770.19
CUST000322,Tripti Pandit,0,0.0,0,0.0,0.0
CUST000323,Azaan Om,1,344523.62,25,274272.9,391493.97000000003
CUST000324,Anirudh Issac,1,1199211.82,25,244898.87,377704.6
CUST000325,Megha Natt,1,632445.33,25,419057.98,299541.47000000003
CUST000326,Vidhi Loyal,3,5678197.36,75,684303.3099999999,1172554.9
CUST000327,Osha Banik,2,1492760.72,75,711031.48,1406913.97
CUST000328,Abha Ram,2,3283190.2800000003,75,817116.09,1129290.28
CUST000329,Dominic Prakash,1,4047604.94,25,143940.22999999998,519973.98
CUST000330,Alexander Sant,1,748531.18,50,505244.45999999996,737225.13
CUST000331,Onveer Sani,2,4360346.9399999995,75,691187.3,963293.5
CUST000332,Warhi Nadig,2,106942.13,100,1420399.9,1281900.24
CUST000333,Urmi Desai,1,442691.8,25,362802.45,721781.28
CUST000334,Manthan Deshmukh,1,1484134.34,10,72132.23,106564.8
CUST000335,Maanav Suresh,1,269483.11,25,476064.81,391121.68
CUST000336,Advika Kapadia,1,970642.05,10,211595.44999999998,188301.57
CUST000337,Daksha Deol,1,76147.92,10,325280.68,65164.020000000004
CUST000338,Om Sodhi,2,686421.94,60,412462.37,1024394.9
CUST000339,Oscar Mani,1,1821426.77,50,472855.87,1240840.57
CUST000340,Reva Date,1,1174783.79,50,242394.75,1197821.09
CUST000341,Faqid Ramakrishnan,1,18032.08,50,307065.18,1011704.01
CUST000342,Yashodhara Ramanathan,1,331923.43,50,462729.11,707623.9
CUST000343,Zarna Raghavan,2,1217847.85,35,386218.55,486232.29
CUST000344,Hiral Rajagopal,2,4787032.58,35,332675.93,407201.64
CUST000345,Fiyaz Jha,1,1617665.67,25,424109.22,501552.34
CUST000346,Bhanumati Bhatnagar,1,649421.42,25,45345.45,317994.57
CUST000347,Abeer Nagar,1,317863.43,50,587131.25,951166.52
CUST000348,Zaid Bhandari,1,225648.36,25,356138.71,413573.70999999996
CUST000350,Neelima Sharma,1,1649397.18,25,127575.91,445956.77999999997
CUST000351,Siya Maharaj,3,7143426.91,110,996279.06,2318104.76
CUST000352,William Saini,1,121749.81,25,209987.25,725207.29
CUST000353,Krisha Hayre,2,527439.85,50,541034.51,775219.05
CUST000354,Banjeet Bandi,0,0.0,0,0.0,0.0
CUST000355,Darpan Jha,3,5765597.6,100,1140704.73,1688439.36
CUST000356,Ria Parsa,1,483048.24,25,691443.02,212010.93
CUST000357,Rohan Natarajan,2,1472357.8,35,739250.77,556073.85
CUST000358,Gavin Savant,1,328330.38,50,847009.24,990335.1
CUST000359,Zashil Khanna,1,1443377.48,25,78563.02,320818.29
CUST000360,Vanya Bahri,2,655579.84,50,581388.37,703573.63
CUST000361,Chakradhar Gara,1,1387087.24,25,90802.49,531458.69
CUST000362,Yochana Shanker,3,6167432.26,100,1297526.92,1470268.91
CUST000363,Wakeeta Bhalla,1,338808.31,25,336063.59,422032.92
CUST000364,Chanakya Korpal,1,1319019.34,25,150116.33,392645.25
CUST000365,Jonathan Ratta,1,887233.52,25,342049.02999999997,602391.2000000001
CUST000366,Daksh Mandal,2,5907277.55,75,730598.77,1048011.16
CUST000367,Advaith Verma,1,2827332.9,25,120703.04000000001,475286.30000000005
CUST000368,Leena Sridhar,0,0.0,0,0.0,0.0
CUST000369,Damyanti Gupta,1,2839250.67,25,365901.81,406158.24
CUST000370,Yashodhara Malhotra,1,2728517.88,10,48672.62,83297.01
CUST000371,Amara Saha,1,1880351.05,25,179163.31,441460.89
CUST000372,Dakshesh Chand,3,6174943.38,75,1124806.21,1021786.92
CUST000373,David Dayal,1,1343937.04,10,95181.47,70068.53
CUST000374,Ayaan Bail,2,552596.22,50,394777.13,977080.22
CUST000375,Raghav Sekhon,0,0.0,0,0.0,0.0
CUST000376,Advaith Kadakia,1,1577033.26,25,369150.88999999996,314164.38
CUST000377,Jatin Varughese,1,186106.07,10,120243.95,102225.15
CUST000378,Warjas Sura,1,440782.73,10,33275.54,231408.76
CUST000379,Max Mukherjee,3,6957392.109999999,75,780482.79,1078150.52
CUST000380,Damini Venkatesh,1,2239012.58,25,200458.75,578679.5
CUST000382,Jagvi Parmer,1,1337798.94,25,216569.49000000002,317654.77
CUST000383,Radhika Shankar,2,3536450.4699999997,60,264733.07,1052934.56
CUST000384,Xalak Jayaraman,1,1664353.98,25,58277.67,638319.47
CUST000385,Nidhi Kibe,1,325486.03,50,482629.47,1022710.87
CUST000386,Sanaya Naidu,1,1250068.83,25,220604.28,609355.92
CUST000387,Yoshita Ben,1,477745.67,10,51890.409999999996,160582.87
CUST000388,Bahadurjit Ganesh,1,4964164.45,25,155591.03,641616.02
CUST000389,Aachal Varkey,2,3471758.26,50,325654.72000000003,934406.96
CUST000390,Qadim Chopra,1,1636710.18,10,239218.94,153789.86
CUST000392,Warinder Balakrishnan,1,279157.86,10,103536.78,187243.41999999998
CUST000393,Triya Om,1,305931.31,50,602079.77,702054.33
CUST000394,Saumya Chana,3,375013.5,75,607246.75,1141524.6
CUST000395,Chanakya Ben,1,987059.05,25,210152.86,367001.56
CUST000396,Samarth Kohli,0,0.0,0,0.0,0.0
CUST000397,Manbir Sant,1,720146.89,50,572208.0,874446.53
CUST000398,Champak Bhavsar,2,4232012.7,35,323233.15,570763.16
CUST000399,Qadim Iyer,1,29267.49,50,700654.34,707972.44
CUST000400,Patrick Ganguly,1,1504318.58,50,743228.54,1139616.78
CUST000401,Netra Loyal,1,237990.35,25,110998.99,385732.16
CUST000402,Ekantika Bansal,1,1372330.14,25,231593.32,447333.34
CUST000403,Brinda Bal,2,1832837.6500000001,75,691744.65,1183733.8
CUST000404,Udyati Din,1,4214163.56,25,375636.68,384311.5
CUST000405,Upma Sahota,1,1369191.07,50,606200.24,761767.62
CUST000406,Qushi Bahl,1,1448236.08,50,847795.14,789789.55
CUST000407,Teerth Dugar,2,3162364.3600000003,100,1014459.23,2023605.56
CUST000408,Yash Bhandari,2,1749463.04,35,631310.78,497370.51
CUST000409,Ronith Dewan,2,211838.45,50,703420.81,520589.12
CUST000410,Aishani Dhawan,3,4788760.71,45,815837.38,672361.63
CUST000411,Ekaraj Kohli,1,24731.13,25,244784.24,540207.63
CUST000412,Ranveer Dyal,3,2187125.64,60,533039.36,1075629.65
CUST000413,Omaja Barad,1,279831.05,25,176282.91999999998,452380.36
CUST000414,Harshil Kala,2,5886721.18,100,748532.57,1939496.92
CUST000415,Ishwar Atwal,2,993101.44,75,533713.29,1710012.72
CUST000416,Ekansh Tandon,1,1842924.37,50,611766.92,748601.11
CUST000417,Priya Menon,1,1832099.21,50,523313.2,734920.51
CUST000418,Mekhala Grover,1,2227224.08,50,764439.27,865058.64
CUST000419,Dalaja Hayre,2,290018.67,50,353370.83,722623.87
CUST000420,Jagdish Ramachandran,1,592786.62,25,439973.76,300055.27
CUST000421,Varsha Barad,1,1013703.37,25,261767.52,543166.18
CUST000422,Yashodhara Dixit,2,3148003.8200000003,75,645708.46,1335954.1099999999
CUST000423,Jackson Banik,2,5932529.220000001,60,1110484.56,1021772.37
CUST000424,Faras Menon,2,678961.48,75,596985.6,1351159.77
CUST000425,Jeremiah Raman,1,1562774.17,50,394220.24,1086527.21
CUST000426,Deepa Pathak,1,1284497.39,25,363090.58999999997,601748.49
CUST000428,Sanaya Dasgupta,2,4138450.88,75,753978.94,1141901.03
CUST000429,Wishi Tank,1,550606.04,50,319562.15,971138.78
CUST000430,Robert Patla,2,4435021.93,75,606367.69,1255559.06
CUST000432,Ikshita Nadig,1,4839666.57,50,750456.16,1034099.4600000001
CUST000433,Yutika Pau,2,5279950.78,50,753385.33,752567.3099999999
CUST000434,Thomas Aggarwal,1,318927.49,25,664614.36,316838.31
CUST000435,Praneel Mitter,1,1795782.55,25,171489.97999999998,250608.92
CUST000436,Om Swaminathan,1,1646878.01,50,287107.2,1113334.5
CUST000437,Zarna Cheema,1,1342662.0,25,267373.96,700569.51
CUST000438,Girindra Dara,3,6621920.199999999,85,1519111.39,1318546.51
CUST000439,Omisha Anand,0,0.0,0,0.0,0.0
CUST000440,Neel Shukla,2,761795.31,75,809515.39,1251158.23
CUST000441,Urvi Ravi,0,0.0,0,0.0,0.0
CUST000442,Hritik Sekhon,1,1605446.94,25,108313.75,697388.6
CUST000443,Irya Misra,1,4173314.3,25,234835.99000000002,347390.56
CUST000445,Jagdish Vohra,1,148928.64,25,90175.61,559422.56
CUST000446,Jalsa Naidu,1,1594078.11,50,400972.85,857875.01
CUST000447,Siddharth Sandal,2,1505708.3299999998,75,388672.46,1507468.06
CUST000448,Unni Patla,1,1748846.56,25,131103.78,567059.14
CUST000449,Kavya Kapadia,1,3790472.79,25,215019.38999999998,361965.67
CUST000450,Eshana Wagle,2,2468090.64,50,197251.76,975374.1499999999
CUST000451,Siddharth Johal,1,4768485.15,10,49055.96,221035.68
CUST000452,Ekta Chopra,2,1355187.3299999998,60,315761.51,903139.31
CUST000453,Kavya Master,2,1040767.9299999999,75,706079.7,1259726.43
CUST000454,Ekani Talwar,1,3671483.58,50,589483.46,883668.74
CUST000455,Xalak Chawla,1,1130326.58,25,36687.62,383959.63
CUST000456,Yash Din,3,3941980.51,150,1327817.3800000001,2499773.3
CUST000457,Bhavika Dhawan,1,438358.14,10,16184.869999999999,133548.16
CUST000458,Teerth Ganesan,1,1508723.91,25,370253.29000000004,509286.69
CUST000460,Anvi Cherian,1,65175.38,25,43757.869999999995,638894.22
CUST000464,Liam Bir,0,0.0,0,0.0,0.0
CUST000465,Jagvi Prashad,2,1561922.21,60,658133.54,1375022.49
CUST000466,Forum Muni,3,5897262.01,85,1092405.77,1392812.29
CUST000467,Ubika Deshpande,1,249375.6,50,697091.9,813637.14
CUST000468,Zinal Dara,1,1963377.78,25,349076.94,385757.93
CUST000469,Sara Chowdhury,1,1354932.55,10,51470.909999999996,114037.06999999999
CUST000470,Kamya Mittal,1,1160766.99,10,98346.47,223753.66
CUST000471,Saksham Sule,1,40024.75,25,294089.35,575127.64
CUST000472,Osha Patil,0,0.0,0,0.0,0.0
CUST000473,Shaurya Krishnan,1,127269.21,50,630479.2,743100.06
CUST000474,Janaki Raman,1,1517800.45,10,138508.54,170534.08
CUST000475,Fariq Kumar,1,2886783.41,50,474568.95999999996,790064.23
CUST000476,Tanish Bora,1,479993.79,25,271479.98,354562.12
CUST000477,Ria Mahal,3,6194363.34,125,920787.42,2454979.91
CUST000478,Aarnav Kalita,2,5488255.84,75,929066.28,1138931.01
CUST000479,Megha Chaudhary,1,351631.72,25,255798.65,517483.24
CUST000480,Aadhya Mukhopadhyay,1,79759.21,25,209858.62,373316.0
CUST000481,Aarush Shere,1,1097354.67,25,54933.17,401259.58
CUST000482,Ojasvi Shukla,3,1535655.27,60,571058.05,1127903.26
CUST000484,Warda Srivastava,3,3446392.8,85,741708.85,1268909.93
CUST000485,Isha Lall,2,4058013.21,75,1059468.17,872505.24
CUST000486,Reyansh Swamy,2,641254.06,50,179353.38,898990.1
CUST000487,Aarnav Viswanathan,1,156502.15,25,116191.62999999999,421897.07999999996
CUST000488,Pushti Mannan,1,1415015.38,50,262532.46,535050.4
CUST000489,Theodore Deep,1,591494.83,25,121795.49,333673.91
CUST000491,Maya Batra,2,790372.21,35,498606.17,453574.77999999997
CUST000492,Meera Pai,1,403589.78,25,409686.07,434607.21
CUST000493,Bhavika Oommen,1,4753604.17,25,264026.45,364170.17
CUST000494,Edhitha Parekh,1,4943866.98,10,128300.72,120858.1
CUST000495,Udyati Nanda,2,1443803.0699999998,100,1027259.53,1550733.5
CUST000497,Pooja Palla,2,1028308.59,75,846250.42,1244796.84
CUST000498,Oni Sridhar,2,5195908.72,35,636726.7,428366.58
CUST000499,Ojasvi Borah,1,8574.68,10,129637.66,246145.34999999998
CUST000500,Amara Rajagopalan,2,2073967.8399999999,75,529263.96,1637670.75
CUST000501,Zaitra Bora,1,4328270.47,50,308337.96,939885.0
CUST000503,Widisha Mohan,1,1926525.91,25,210536.69,232934.97
CUST000504,Nathan Oak,3,5332975.619999999,60,1073942.25,1040411.09
CUST000505,Indali Soni,2,2638156.1900000004,50,476953.24,1204465.2
CUST000506,Nicholas Nagy,2,683700.1399999999,50,418927.14,856826.14
CUST000507,Balhaar Gandhi,2,3706187.8499999996,75,925319.4700000001,1474901.36
CUST000508,Siddharth Koshy,2,567840.05,75,486952.57999999996,1255536.68
CUST000509,Charita Zacharia,1,3022423.78,50,148846.77,665495.92
CUST000510,Falguni Pant,1,790183.87,10,199939.21,161087.47
CUST000511,Ranveer Nath,2,4634368.8100000005,35,390308.91,504513.18
CUST000512,Gaurang Bora,1,1313446.68,25,29844.36,551531.7
CUST000513,Yashodhara Garde,1,341554.85,50,756950.5599999999,822745.84
CUST000514,Akshay Chana,1,506434.62,25,418658.99,140116.48
CUST000515,Mahika Krish,2,1267082.52,50,502416.45,832303.6799999999
CUST000516,Atharv Bhandari,1,1431517.37,10,192643.63,163452.88999999998
CUST000517,Yash Subramaniam,1,1579673.15,25,327602.41,425649.23
CUST000518,Hema Nagar,0,0.0,0,0.0,0.0
CUST000519,Eesha Rajan,1,76380.14,50,649290.42,966272.67
CUST000520,Isaac Mukhopadhyay,1,1727879.98,25,567333.87,391784.2
CUST000522,Ekapad Dewan,1,4457413.1,50,439577.24,765572.06
CUST000523,Vrinda Seth,2,5586981.51,50,364306.2,985533.97
CUST000524,Harrison Tara,1,878184.53,25,501060.51,216221.58
CUST000525,Raksha Sathe,1,4342868.58,50,589218.71,818404.58
CUST000526,Ati Sachar,2,1140606.89,20,67922.5,330961.73
CUST000527,Charita Panchal,1,1675913.49,25,116189.86,241200.46
CUST000528,Adya Ganesan,1,4454778.57,50,513194.2,793642.1599999999
CUST000529,Tanmayi Boase,1,236047.68,25,259381.25,305282.77
CUST000530,Warjas Sabharwal,2,4107751.83,100,1359122.79,1188406.16
CUST000531,Ikshita Rana,1,84966.2,10,167217.52,162369.83000000002
CUST000532,Kai Taneja,2,4023159.71,20,56540.35,316321.63
CUST000533,Jason Nadkarni,1,378866.69,25,72418.4,522767.12
CUST000534,Maanav Wagle,2,1138804.69,50,572272.39,720133.4400000001
CUST000535,Janya Salvi,1,224629.79,10,194261.07,181634.97
CUST000536,Mason Pradhan,2,4671351.970000001,35,228520.72,681194.5399999999
CUST000537,Zansi Saha,0,0.0,0,0.0,0.0
CUST000538,Sara Lalla,2,1306102.52,35,291979.3,905234.36
CUST000539,Gayathri Sandhu,1,383521.32,10,49633.0,148922.03
CUST000540,Wishi Tailor,2,1625198.26,60,758566.31,934050.84
CUST000541,Raagini Raj,3,2825104.37,85,901003.54,1721576.42
CUST000542,Gaurav Korpal,1,63897.99,25,174632.16999999998,422824.3
CUST000543,Vamakshi Mahajan,2,2484492.08,50,149236.94,831139.22
CUST000544,Madhavi Virk,1,1277440.21,25,370017.81,364310.8
CUST000545,Aayush Sarna,1,4844429.34,25,183690.75,342180.96
CUST000546,Tanay Chander,1,196541.82,25,143168.22999999998,598011.39
CUST000547,Chandani Babu,0,0.0,0,0.0,0.0
CUST000548,Arin Roy,2,449773.31,75,709265.45,1139088.07
CUST000549,Anthony Sem,2,4647742.46,50,371338.25,1049749.8900000001
CUST000550,Ikbal Goda,1,2669638.24,10,24980.11,236932.61000000002
CUST000551,Chatresh Nori,3,2555717.85,125,1015726.87,2138583.56
CUST000552,Shivani Murty,2,4112335.74,50,760137.75,722398.61
CUST000553,Ekta Gandhi,1,4842142.39,50,587176.86,726800.98
CUST000554,Falak Iyengar,2,477074.14,60,445100.77,1050483.43
CUST000556,Jeet Kota,1,120259.38,25,145140.84,392412.66000000003
CUST000557,Bimala Handa,1,293117.95,50,697089.03,1052635.09
CUST000558,Aishani Kunda,2,797282.94,35,453738.47,823016.69
CUST000559,Viraj Keer,1,2520626.51,25,444337.99,379194.58999999997
CUST000560,Panini Deo,2,2657191.62,60,706804.62,986931.71
CUST000561,Niharika Patla,2,5083724.0,35,418621.13,599067.8200000001
CUST000562,Edhitha Sane,2,2700763.69,75,990634.65,898492.51
CUST000563,Charita Kapur,1,425826.07,50,480969.31,744987.62
CUST000564,Vinaya Grover,1,827309.17,25,145521.99,424251.93
CUST000565,Gagan Dixit,2,4844100.9799999995,50,431419.09,845023.84
CUST000567,Ekta Kade,1,7218.26,25,115420.23000000001,516342.85
CUST000568,Mohammed Doctor,1,516128.87,10,417442.95,164105.23
CUST000569,Andrew Bhasin,1,244269.07,50,570229.72,863986.29
CUST000570,Eesha Nigam,1,325306.29,10,187749.29,140144.45
CUST000571,Adya Roy,2,187102.78,100,852816.99,1787570.55
CUST000572,Fiyaz Zachariah,2,643059.04,50,448026.29,978446.8
CUST000573,Manthan Sanghvi,1,64822.56,25,282016.24,333326.4
CUST000574,Ira Bhatt,2,388596.83999999997,75,744897.33,1150802.29
CUST000575,Dayita Parsa,2,127820.76000000001,35,188131.01,702519.67
CUST000576,Owen Shenoy,2,342369.66,35,300729.53,490382.91
CUST000577,Ria Pal,1,3648158.99,25,244984.81,636157.73
CUST000578,Thomas Dhar,1,1311500.66,25,490883.89,498699.96
CUST000579,Nitesh Bath,2,3857215.84,75,995741.37,1244861.09
CUST000580,Devika Parsa,1,67641.74,10,95580.71,261906.83000000002
CUST000581,Sudiksha Sahota,0,0.0,0,0.0,0.0
CUST000582,Isha Yogi,1,445786.96,50,306682.82,1019606.8
CUST000583,Urvashi Chaudhary,2,4502409.46,50,629511.7,1046220.1
CUST000584,Bahadurjit Sethi,1,1975867.83,50,392201.32,848495.95
CUST000585,Chaman Oommen,1,2367890.28,10,89961.74,141262.06
CUST000586,Abha Sarna,1,512769.98,25,217251.51,377861.69
CUST000587,Robert Sahota,3,6164342.4,125,1451893.7,2359597.3
CUST000588,Gaurangi Aggarwal,1,1806061.04,25,601583.6599999999,345259.97
CUST000589,Kala Memon,1,1375960.17,10,98625.95,188992.54
CUST000590,Amrita Ranganathan,1,1548977.77,25,125746.48,504160.66
CUST000591,Bachittar Jayaraman,1,343516.6,25,117616.59999999999,734244.4400000001
CUST000592,Forum Lanka,3,5533798.84,30,373687.72000000003,547505.26
CUST000593,Zayyan Tank,1,1445577.1,10,94856.68,143305.5
CUST000594,Ishwar Rama,1,210673.97,25,245384.35,545176.52
CUST000595,Vidhi Wali,1,991565.29,25,615193.15,262757.31
CUST000596,Eshana Jha,3,5242283.99,85,1017322.47,1518441.76
CUST000597,Kashvi Narang,1,13866.63,50,452935.25,823688.32
CUST000598,Jhalak Batra,1,277917.25,50,509867.44,777688.07
CUST000599,Wahab Issac,1,2558802.4,50,583995.36,1022594.97
CUST000600,Upadhriti Lal,2,546953.61,50,460250.4,955012.02
CUST000601,Pratyush Tandon,0,0.0,0,0.0,0.0
CUST000603,Oviya Palan,1,1065894.9,10,23337.07,151827.2
CUST000605,Ria Reddy,2,53925.59,35,499237.9,337407.58
CUST000606,Arin Kala,1,309630.76,25,255477.41999999998,469155.44
CUST000607,Shivansh Ranganathan,1,336312.89,50,247159.52,995475.3300000001
CUST000609,Suhani Deo,1,405927.98,50,323851.96,814716.62
CUST000610,Vedhika Kibe,1,224643.4,25,259025.25,568376.55
CUST000611,Tanish Chaudhary,1,78789.8,10,189584.95,90806.16
CUST000612,Bimala Bera,2,5290879.2700000005,75,578563.48,1306035.64
CUST000614,Libni Narayanan,2,1347548.5899999999,75,536367.34,1137823.08
CUST000615,Rachit Dora,1,88348.89,25,171086.04,499302.85
CUST000616,Chasmum Gandhi,3,4175965.4,85,723320.33,1174379.73
CUST000617,Balendra Gandhi,1,23359.49,25,365285.70999999996,303220.02999999997
CUST000618,Chatura Mukherjee,1,445405.29,50,291687.52,809860.36
CUST000619,Zayyan Karpe,1,1062056.66,50,280883.58,880920.76
CUST000620,Dayita Dada,1,4425983.86,50,582176.09,904579.79
CUST000621,Naveen Rastogi,0,0.0,0,0.0,0.0
CUST000622,Yauvani Sagar,2,2225167.87,75,593241.33,1252385.61
CUST000623,Ati Raju,1,1013862.38,50,306255.4,1128478.79
CUST000624,Anmol Bobal,1,1835921.18,10,170547.19,112902.11
CUST000625,Fariq Aggarwal,2,3506561.63,35,352215.58999999997,912098.97
CUST000626,Manan Chahal,1,170509.97,10,17519.24,106469.81
CUST000627,Kalpit Vasa,2,5861491.25,50,366536.18,671644.24
CUST000628,Falguni Choudhury,2,2141150.97,60,491328.88,1234310.02
CUST000629,Nathan Balasubramanian,1,1693718.93,50,712193.32,768119.04
CUST000630,Rehaan Khalsa,1,676225.81,50,576743.3200000001,912456.45
CUST000631,Ekansh Muni,2,2388018.87,35,405561.45,662614.42
CUST000632,Yutika Saxena,2,2806489.38,75,1186857.54,1222734.9
CUST000634,Avni Anand,1,1871203.65,25,217118.80000000002,537853.13
CUST000635,Amaira Sarraf,1,56656.68,25,138099.45,528550.68
CUST000636,Faris Gole,2,2897776.13,50,555932.68,733206.24
CUST000637,Advaith Kari,1,959546.62,10,5897.99,189016.85
CUST000638,Ekaja Devan,2,1886172.7,75,639269.4,1382835.6600000001
CUST000639,Sara Shankar,1,1210751.36,25,295144.72000000003,447334.2
CUST000640,Wazir Maharaj,1,459427.23,25,335626.08,224429.18
CUST000641,Chandani Borde,2,983916.77,50,219260.77,795180.61
CUST000642,Turvi Misra,1,1372021.48,25,263615.5,365920.28
CUST000643,Nathaniel Bains,1,428640.12,10,100609.79000000001,120124.56
CUST000644,Vrinda Bedi,2,1572295.42,75,750918.96,1236527.55
CUST000645,Faqid Randhawa,1,395905.37,10,94636.78,79291.5
CUST000646,Neha Pillai,1,2994337.01,25,141364.05,584099.91
CUST000647,Janani Chowdhury,1,965550.21,25,119478.34,399336.79
CUST000649,Victor Tank,1,479532.31,25,348382.91,435669.75
CUST000650,Zilmil Suri,2,1680595.39,75,1092298.9,1107526.1
CUST000651,Anika Chaudhary,2,4329514.38,75,869625.08,1255440.25
CUST000652,Jeet Natarajan,1,469130.77,25,314868.2,453810.75
CUST000653,Tejas Mannan,1,927095.52,25,42694.71,580367.93
CUST000654,Unnati Ghosh,1,1119632.29,25,275464.48,570870.27
CUST000655,Ubika Konda,1,446005.48,25,60707.67,285262.45999999996
CUST000656,Aadhya Yohannan,2,4193655.5599999996,35,368760.57,496574.89
CUST000657,Reyansh Cheema,2,2011136.68,60,535183.85,1575971.96
CUST000658,Ikbal Rana,2,3120331.11,50,655795.0599999999,752833.42
CUST000659,Ekalinga Bala,2,643190.02,35,364067.08999999997,842391.0499999999
CUST000660,Mohini Parsa,3,1972363.98,75,1413833.88,1151452.13
CUST000661,Dayamai Varghese,1,1018393.24,50,339453.32,820514.1
CUST000662,Mitesh Narang,1,281048.77,25,173117.50999999998,554825.81
CUST000663,Baljiwan Patel,1,1786936.92,25,267642.3,390747.58
CUST000664,Chatresh Mangal,3,5932502.4799999995,75,665774.0,1162660.6400000001
CUST000665,Arin Sunder,1,1337858.53,50,744611.99,563853.59
CUST000667,Idika Rastogi,3,4361403.87,70,1056911.58,883385.1799999999
CUST000668,Girindra Gupta,1,1289823.81,25,207512.61000000002,444425.2
CUST000670,Daniel Prabhu,1,2509194.63,25,228324.12,398370.38
CUST000671,Megha Deshpande,2,552075.0700000001,35,349441.31,715824.94
CUST000672,Brinda Bandi,3,5455782.13,100,1354127.68,1732391.64
CUST000673,Praneel Oak,0,0.0,0,0.0,0.0
CUST000674,Oscar Kala,1,226681.19,50,515711.43,865582.72
CUST000675,Harish Prabhu,1,4444904.05,50,153011.59000000003,1049705.65
CUST000676,Udarsh Pai,1,89756.9,50,439622.22,1147145.42
CUST000677,Charles Korpal,1,1574570.33,25,42236.39,520888.31
CUST000678,Zinal Edwin,1,3897043.69,50,708941.51,754751.9500000001
CUST000679,Wridesh Minhas,1,1274438.22,10,51451.79,172938.13999999998
CUST000680,Lakshmi Acharya,1,251278.22,25,214325.96000000002,486745.27999999997
CUST000681,Maanav Kala,1,2311126.49,50,322849.04000000004,935799.09
CUST000682,Samuel Das,2,423492.29,35,158606.69,650018.76
CUST000683,Upkaar Bassi,1,196604.25,10,180408.21,77733.05
CUST000684,Ojasvi Dyal,1,3361400.65,25,124965.84,543366.87
CUST000685,Arunima Lanka,1,7123.23,25,223796.40000000002,547865.3099999999
CUST000686,Isha Gola,1,1528650.79,25,302173.02,363729.99
CUST000687,Lavanya Chand,2,1212884.7200000002,100,1201523.48,1351639.13
CUST000688,Ayaan Sant,1,126369.41,25,265510.56,347600.26
CUST000689,Qushi Shah,1,359769.68,10,14431.380000000001,178715.94999999998
CUST000690,Dalaja Agate,1,269771.22,25,292991.1,291272.37
CUST000691,Edhitha Talwar,2,2977815.0300000003,60,425185.19,1165550.22
CUST000692,Warjas Tank,2,1188317.58,75,961859.34,1411999.04
CUST000694,Sai Din,1,2348177.29,25,264535.97000000003,596685.65
CUST000695,Yashoda Maharaj,1,3730314.37,50,499278.96,992543.9299999999
CUST000696,Advika Keer,1,1605469.75,50,746706.78,864642.83
CUST000697,Daksha Narang,1,247745.5,25,115652.84,253531.69999999998
CUST000698,Balvan Aggarwal,1,1932281.72,25,199099.76,498770.5
CUST000700,Bhavya Kalita,1,1779492.62,10,128391.17000000001,111776.21
CUST000701,Pranav Chana,2,2425175.47,35,453471.41,618253.17
CUST000702,Tejas Boase,1,211657.36,25,478047.78,394687.95
CUST000703,Pratyush Dube,2,4637467.17,75,941953.52,1343887.3499999999
CUST000704,Maanas Gala,1,4826336.62,25,239295.86,392821.77999999997
CUST000705,Hemani Balay,2,2497364.9,50,931375.31,789094.39
CUST000706,Joshua Murty,0,0.0,0,0.0,0.0
CUST000707,Anamika Oza,2,785855.52,50,463625.41000000003,847627.8
CUST000708,Azad Morar,2,408007.70999999996,35,132345.44,381747.18
CUST000709,Varsha Ganesh,1,4354147.86,25,123034.76,365542.27
CUST000710,Chaaya Venkataraman,1,287492.86,25,165194.96,501286.69
CUST000711,Aashi Kapadia,2,2675695.48,75,1104796.32,1348860.94
CUST000712,Ekapad Tandon,1,382281.25,25,424416.29000000004,402394.57
CUST000713,Nitesh Viswanathan,1,1977508.43,25,319874.24,563321.56
CUST000714,Caleb Ram,2,1823916.78,75,569089.39,1474995.84
CUST000715,Kamala Vala,3,5598305.58,45,386040.61,687265.84
CUST000716,Dhruv Varma,1,2148543.56,25,63046.07,350706.22
CUST000717,Jagvi Bava,3,5912517.79,85,725916.91,1570647.5
CUST000718,Odika Kaur,1,1446620.27,25,235551.23,450035.12
CUST000719,Hemang Joshi,1,3352675.99,25,116967.13,389158.64999999997
CUST000720,Deepa Hayer,2,3199769.32,60,714437.36,1582752.82
CUST000721,Harita Walla,0,0.0,0,0.0,0.0
CUST000722,Ladli Sandhu,0,0.0,0,0.0,0.0
CUST000723,Leela Das,3,2189282.9299999997,100,719991.9299999999,1786227.88
CUST000724,Abha Sood,1,489203.25,50,378269.74,910007.9400000001
CUST000725,Abhimanyu Natarajan,2,1904934.0,100,1243912.33,1617920.51
CUST000726,Vritti Buch,2,5373918.91,60,440348.22000000003,1054556.77
CUST000727,Zayyan Palla,2,5285182.840000001,50,527938.21,1073442.82
CUST000728,Aadi Dixit,1,368808.23,50,367725.84,1130140.01
CUST000729,Deepa Karnik,1,179892.17,25,390168.71,399308.0
CUST000731,George Parmar,1,350147.56,50,686754.31,806223.09
CUST000732,Upasna Tak,1,3870413.28,25,243479.40999999997,466922.55
CUST000733,Aarini Mohan,1,916614.61,10,42754.61,143463.46
CUST000734,Indira Iyer,1,1546104.1,25,296117.6,292680.62
CUST000735,Ishita Kannan,1,492738.38,25,215484.66,454801.63
CUST000736,Daniel Kade,1,2704995.9,25,417598.02,320861.94
CUST000737,Jalsa Hans,1,1007888.88,50,426712.44,1264564.38
CUST000738,Zashil Deep,1,1766005.57,10,779.03,281291.7
CUST000739,Vyanjana Nadkarni,3,4384469.21,85,790397.63,1317422.13
CUST000740,Pranav Krishnamurthy,1,457659.73,10,25737.079999999998,165473.12
CUST000741,Hemang Doshi,2,622101.31,35,450964.13,898096.25
CUST000742,Chatresh Arora,1,2332486.23,50,537917.93,852542.4
CUST000743,Yutika Dave,1,3503784.14,25,83467.12000000001,665772.33
CUST000744,Yashvi Rajan,2,4100695.98,75,942617.28,1712987.9
CUST000745,Aarna Goyal,1,1580549.71,50,396934.81,983275.88
CUST000746,Netra Sarin,2,772510.9299999999,75,625841.22,1375550.45
CUST000747,Madhav Deo,1,429595.88,50,312751.89,760647.1799999999
CUST000748,Qasim Aurora,1,417725.21,25,235952.36000000002,506575.57999999996
CUST000749,Leela Ravi,1,427940.97,10,47068.06,203551.06
CUST000750,Adweta Grewal,1,482506.44,25,501544.95,403370.66000000003
CUST000751,Champak Sarraf,1,1072851.94,50,418525.78,713337.43
CUST000752,Nachiket Ahluwalia,1,1024482.36,10,0.0,119109.41
CUST000753,Pallavi Deol,1,2693430.49,25,176640.75,262485.99
CUST000754,Yagnesh Biswas,1,482140.4,50,301470.87,1017948.67
CUST000755,Vedhika Sagar,2,1304792.87,100,918630.74,1750485.3
CUST000756,Eshana Shukla,0,0.0,0,0.0,0.0
CUST000757,Gautam Dutta,1,190246.83,50,1005673.78,752948.25
CUST000758,Owen Khatri,1,74008.62,25,432890.03,323844.34
CUST000759,Abhimanyu Korpal,2,1955432.3399999999,50,442131.86,855414.01
CUST000760,Anmol Patla,1,1145611.08,10,22051.239999999998,212027.83000000002
CUST000761,Rachita Raman,1,4592431.18,25,167674.36,410653.4
CUST000762,Bimala Karpe,1,342997.35,25,274145.69,361173.77
CUST000763,Gaurika Bath,1,3553107.89,50,516079.27,965737.9
CUST000764,Balendra Nori,1,40042.04,50,676998.52,1131513.94
CUST000765,Bimala Dar,1,2496455.79,25,263913.54,396733.51
CUST000766,Krisha Ahluwalia,1,610147.05,50,387240.18,574111.49
CUST000767,Shaurya Gandhi,2,5641594.890000001,75,669585.83,1669528.13
CUST000768,Wakeeta Bhardwaj,3,3484510.96,75,506853.99,1404109.12
CUST000769,Inaya Gara,1,749976.17,10,147729.0,129909.12000000001
CUST000770,Wishi Kadakia,2,1343797.66,75,643005.35,1589430.45
CUST000771,Ishaan Grewal,1,146312.09,50,561592.26,774500.72
CUST000772,Chasmum Roy,1,36537.12,25,225181.62,474468.33
CUST000773,Ishanvi Bora,2,5497020.18,35,353002.04000000004,643896.41
CUST000775,Rayaan Bahri,2,828106.99,50,560826.4299999999,983669.83
CUST000776,Jeet Sunder,2,3663368.2700000005,60,271397.63,1131727.73
CUST000777,Noah Savant,1,1003174.74,50,873192.62,605619.84
CUST000779,Chanchal Yogi,1,44808.3,10,194042.84,146613.84
CUST000781,Upkaar Aurora,1,203418.64,25,261189.3,540574.78
CUST000782,Dipta Dash,1,3037725.79,50,432620.33,735560.29
CUST000783,Lavanya Varghese,1,218654.94,10,45015.95,96606.17
CUST000784,Udyati Devan,1,1457392.1,25,550460.0800000001,381281.36
CUST000785,Harita Yohannan,2,2030496.27,35,479681.98000000004,590424.85
CUST000786,Chakradev Pant,1,500179.55,25,94301.34,457640.52999999997
CUST000788,Aryan Shanker,2,2369893.01,50,443132.7,751119.66
CUST000789,Keya Basak,1,240308.42,50,396737.1,882989.35
CUST000790,Panini Keer,1,3217212.95,10,57264.42999999999,154448.45
CUST000791,Januja Baral,1,4220759.48,25,130432.96,403884.37
CUST000792,Sudiksha Gupta,2,2443711.86,60,485182.82999999996,1193935.97
CUST000793,Maanas Raju,3,2204015.68,100,625537.73,1640067.47
CUST000794,Avi Rajagopal,2,921405.0900000001,60,836846.75,1294080.36
CUST000795,Unnati Deep,0,0.0,0,0.0,0.0
CUST000796,Vamakshi Dugar,1,600737.71,50,754282.23,892552.78
CUST000797,Anika Gour,2,640944.34,75,886301.72,1467753.74
CUST000798,Ekta Hans,1,3122844.03,25,127502.96,387870.63
CUST000799,Jackson Dugal,1,1383439.74,25,346343.82,425001.41000000003
CUST000800,Ayush Sekhon,3,6635307.459999999,100,818759.33,1623716.56
CUST000802,Idika Prashad,1,3324927.2,25,126185.98,390583.75
CUST000803,Jeremiah Mane,1,275392.56,25,102006.44,511073.55
CUST000804,Abeer Kadakia,1,121092.33,50,328966.82,686544.5800000001
CUST000805,Gunbir Wadhwa,1,453519.93,25,184894.23,362405.05
CUST000807,Ekalinga Doctor,2,635491.78,20,278944.18,409886.42
CUST000808,Keya Nagy,2,6097590.5200000005,75,513858.94,1185861.69
CUST000809,Netra Rana,1,242114.19,50,469673.72000000003,846758.6
CUST000810,Yachana Chaudhari,1,1074840.59,25,81589.01,516112.45
CUST000811,Dhruv Natarajan,1,1309788.08,25,194758.58,444422.14
CUST000812,Ishita Kumer,1,1568754.18,25,600966.1799999999,375639.94
CUST000813,Falan Ben,0,0.0,0,0.0,0.0
CUST000814,Kabir Buch,2,7422039.58,100,1063739.6199999999,1952498.18
CUST000816,Wyatt Choudhry,1,1073403.96,10,26204.09,58586.740000000005
CUST000817,Damyanti Raman,1,1723020.25,10,31735.86,345830.05
CUST000818,Aradhana Kade,1,1225402.81,10,188761.2,121278.35999999999
CUST000819,Onveer Tripathi,2,4446383.78,75,774875.9400000001,868969.74
CUST000820,Anmol Soman,1,132043.35,50,590614.95,841174.44
CUST000821,Zinal Mohan,1,252751.29,25,144997.55,431673.36
CUST000822,Jonathan Sahni,1,243240.89,25,221670.80000000002,358219.17
CUST000823,Garima Deshmukh,1,681906.28,10,3486.47,208859.33000000002
CUST000824,Falguni Arora,3,3548563.0599999996,125,1104866.97,2724625.58
CUST000825,Manthan Manda,1,171509.46,25,264974.83,366573.58
CUST000826,Andrew Grover,3,2799899.4,85,938720.13,1401177.8800000001
CUST000828,Amrita Natt,1,1908110.62,25,167801.6,416024.16000000003
CUST000829,Gabriel Sule,2,4739671.4399999995,50,645129.72,884006.0
CUST000830,Mohini Raman,2,3086131.17,50,644782.51,616941.62
CUST000831,Amrita Issac,1,949244.15,25,227827.38999999998,494615.24
CUST000832,Nathan Cherian,3,3843418.41,45,489892.67,760945.54
CUST000833,Lakshit Hegde,3,3135695.46,75,557089.88,1137242.39
CUST000834,Azad Ganesh,1,4812716.8,50,419813.82,1013952.6
CUST000835,Zaitra Chaudhuri,2,2328905.89,35,187534.32,866403.97
CUST000836,Chakrika Sehgal,2,4173771.38,35,547905.97,432446.65
CUST000837,Hemal Bhandari,1,50355.23,25,309044.37,281592.95
CUST000838,Andrew Devan,2,3951560.38,75,919588.07,1188300.31
CUST000839,Omisha Varghese,1,1108793.06,10,14374.6,133067.61000000002
CUST000840,Nitara Korpal,1,475488.13,50,428836.24,778444.78
CUST000841,Yuvraj Dyal,1,423724.34,25,73414.9,551268.26
CUST000842,Ridhi Singh,2,3879786.52,75,417024.11,1450852.59
CUST000843,Chandresh Bala,1,249916.34,50,453732.22,776719.92
CUST000844,Vedika Bhavsar,3,1530025.1199999999,85,621212.22,1510702.6
CUST000845,Finn Hans,1,860302.34,50,365488.51,968082.1
CUST000847,Siddharth Goel,0,0.0,0,0.0,0.0
CUST000848,Faris Sachdeva,2,3467604.2800000003,50,331806.45,846490.12
CUST000849,Ethan Panchal,1,36829.81,25,290107.75,499045.96
CUST000850,Leela Mangal,1,338027.04,50,646277.2,999829.24
CUST000851,Ekantika Mitra,1,87473.08,10,144081.57,130168.67
CUST000852,Onveer Shenoy,1,292439.37,50,625815.11,1107967.82
CUST000854,Kritika Behl,3,9539178.02,75,585853.54,1220159.28
CUST000855,Bhavini Dora,1,2339900.92,10,140930.99,115917.99
CUST000856,Tristan Ratta,1,102491.8,10,259006.91999999998,231567.16999999998
CUST000858,Omaja Ben,2,3584298.99,50,592417.91,843788.17
CUST000859,Libni Shankar,1,3345904.1,10,164728.72,154240.12
CUST000860,Arjun Bedi,1,2173128.24,25,133419.44,283334.53
CUST000861,Alka Magar,1,12601.05,25,385225.94,158336.0
CUST000863,Manthan Seshadri,0,0.0,0,0.0,0.0
CUST000864,Yatin Majumdar,1,1638892.88,25,166891.94,311091.07
CUST000865,Onkar Saxena,1,1824061.47,50,301518.66000000003,1057896.52
CUST000866,Hardik Sood,2,36476.86,35,263923.64,548852.35
CUST000867,Charles Raj,1,3691180.21,50,420133.59,793974.65
CUST000868,Nirja Nanda,3,1077985.97,125,1963398.08,1808372.59
CUST000870,Mekhala Pathak,1,334133.3,25,200349.72,615081.76
CUST000871,Sachi Sandal,1,4947525.7,10,140951.99,204886.75
CUST000872,Chavvi Nori,1,3135570.97,25,306083.19,120923.73
CUST000873,Qabil Saha,1,3442749.88,25,199367.97,503646.57
CUST000874,Shaurya Narasimhan,0,0.0,0,0.0,0.0
CUST000875,Advik Barman,2,5725340.109999999,75,597789.62,1253976.47
CUST000876,Ati Varty,2,768391.8099999999,75,667832.3,1241618.2
CUST000877,Yashoda Luthra,1,444734.6,10,2868.26,188960.74
CUST000878,Yadavi Buch,3,9315190.59,85,597293.24,1220633.86
CUST000880,Urvi Tella,1,1511249.12,10,100071.54,34213.08
CUST000881,Bahadurjit Chaudhry,1,50171.24,25,263211.74,395673.77999999997
CUST000882,Niharika Thaker,1,798903.41,10,8642.31,185914.84
CUST000883,Kabir Deep,1,287732.47,50,213938.8,1101159.71
CUST000884,Lohit Borah,1,102115.25,50,224400.56,760533.0
CUST000885,Chakradev Khatri,2,631560.4,60,843091.4299999999,907147.88
CUST000886,Jagat Shroff,2,878427.8,50,760206.23,1003441.91
CUST000887,Chatresh Manne,2,3070406.0,50,646562.39,742769.65
CUST000888,Samesh Purohit,1,845305.99,25,256010.59000000003,620359.04
CUST000889,Tara Loyal,2,2159773.73,100,1008091.92,1611932.19
CUST000890,Chakradhar Tata,1,229962.1,25,230863.56,458476.80000000005
CUST000891,Aarini Andra,1,211167.89,25,110552.11,310346.48
CUST000892,Ati Pant,2,1025470.32,50,734848.66,534712.96
CUST000894,Anika Kade,2,2425926.52,35,361817.95,823800.36
CUST000895,Ekbal Yogi,1,2854753.77,10,57909.47,169765.93
CUST000896,Ekapad Barad,1,1464988.92,25,235100.82,542091.9
CUST000897,Meghana Bava,1,35127.75,50,503190.89,870894.37
CUST000898,Advik Date,2,2934614.83,35,413623.47000000003,392028.06
CUST000899,Oscar Deshpande,0,0.0,0,0.0,0.0
CUST000900,Rehaan Bhattacharyya,1,3265577.79,10,187127.38,58175.420000000006
CUST000901,Yutika Bumb,1,218523.58,25,97602.33,309865.67
CUST000902,Aadi Parsa,1,1577209.38,25,429574.35,429413.98
CUST000903,Yochana Misra,1,1300245.47,50,564133.39,843843.75
CUST000904,Megha Bhalla,0,0.0,0,0.0,0.0
CUST000906,Yauvani Aurora,1,270568.14,10,177809.26,118961.73000000001
CUST000907,Xalak Sharaf,2,3978748.4899999998,60,974823.29,1005353.14
CUST000908,Lakshit Sathe,1,1124672.3,25,267780.17000000004,249969.81
CUST000909,Theodore Gour,1,1668908.28,25,347560.29000000004,639992.52
CUST000910,Urmi Wadhwa,2,816400.75,35,753009.74,524950.42
CUST000911,Ayush Oza,1,1447673.12,50,420532.74,675032.9
CUST000912,Siddharth Mannan,2,275710.95999999996,35,131459.41999999998,797327.5700000001
CUST000913,Amrita Sem,1,338969.36,25,79649.75,618497.44
CUST000914,Adya Kanda,1,189135.06,25,402243.66,331019.7
CUST000915,Tarak Oza,1,1912405.38,10,37133.89,72647.15
CUST000916,Gabriel Madan,1,280250.74,25,384861.57,317151.62
CUST000917,Logan Natt,1,1249804.64,25,431584.91,303881.91
CUST000918,Bahadurjit Krishnamurthy,1,373406.7,10,146944.31,111752.57
CUST000919,Qabil Ganesan,1,1802692.61,50,562885.77,750157.29
CUST000921,Vasatika Khatri,1,333086.17,25,263904.2,551415.46
CUST000922,Jhalak Tak,1,4255075.45,10,24068.699999999997,87564.54999999999
CUST000923,Ayaan Sangha,1,383453.24,25,85208.29999999999,537784.81
CUST000925,Vaishnavi Shankar,2,4943454.89,60,542114.28,1100652.59
CUST000926,Azaan Vaidya,1,216752.66,25,191323.67,343481.07
CUST000927,Ojasvi Dara,1,1952860.3,10,220907.66,249070.34999999998
CUST000928,Nilima Chadha,1,81206.27,50,686317.68,904780.29
CUST000929,Lekha Kalita,1,2626977.38,50,95278.69,887415.7999999999
CUST000931,Yachana Krishnamurthy,2,484121.67,75,635812.5700000001,1168674.38
CUST000932,Amol Anand,1,1388294.65,50,611729.6,911811.04
CUST000933,Bhanumati Deshpande,1,1834354.19,25,252937.5,443374.14
CUST000935,Upkaar Kala,0,0.0,0,0.0,0.0
CUST000936,Hamsini Nair,2,3092501.49,75,1206580.03,1249461.93
CUST000937,Wridesh Mani,1,3417576.85,50,130560.29000000001,1106413.04
CUST000938,Jai Sharaf,2,1992574.1800000002,100,1217747.38,1651722.71
CUST000939,Girish Kashyap,1,483343.36,50,335996.64,778657.26
CUST000940,Manthan Lal,1,235570.03,50,584980.69,902854.67
CUST000941,Amol Ganguly,3,5067234.18,125,1192586.24,2126169.32
CUST000942,Jairaj Bakshi,2,2257600.96,75,488890.37,1279357.1
CUST000943,Theodore Choudhry,2,4905649.54,50,609620.26,1095515.84
CUST000944,Abdul Purohit,1,4915018.45,50,453410.98,780759.22
CUST000945,Ayush Dhaliwal,1,172950.98,10,5735.89,93519.39
CUST000946,Vrinda Kuruvilla,1,4090218.99,50,492598.58999999997,1137730.07
CUST000947,Janya Mody,3,1957484.83,85,1056226.95,1726760.68
CUST000948,Barkha Batra,1,326326.1,50,939871.67,843760.65
CUST000950,Tripti Ram,1,468811.38,25,428637.99000000005,287947.22000000003
CUST000951,Fitan Ravi,2,1635326.83,75,477028.39999999997,1292613.22
CUST000952,Manthan Nath,1,1461341.08,10,136063.96,104808.76000000001
CUST000953,Keya Puri,1,1027326.92,50,493569.67000000004,665055.5599999999
CUST000954,Alka Mangat,1,4491717.97,25,153827.25,233612.78
CUST000955,Gaurang Thaman,1,4324803.64,25,294484.84,285908.01999999996
CUST000956,Balhaar Barman,1,1910612.61,50,736537.45,716464.21
CUST000957,Krishna Verma,1,232302.33,10,31417.23,180118.81
CUST000958,Vihaan Subramanian,1,1579181.15,50,494120.23,820674.99
CUST000959,Ati Apte,0,0.0,0,0.0,0.0
CUST000960,Anika Choudhury,2,3323027.97,75,890649.07,1569246.24
CUST000961,Aadhya Bail,1,1255672.75,25,539411.16,248052.97
CUST000962,Lakshit Boase,1,1660910.68,50,720631.41,1063773.4
CUST000963,Yatin Puri,1,595947.64,50,469207.02999999997,911536.45
CUST000964,Rishi Nanda,2,2597699.89,35,402596.3,482337.59
CUST000965,Sanya Kurian,3,12230607.879999999,60,628752.23,913174.64
CUST000966,Wyatt Bala,2,2227831.54,100,1090442.1099999999,2148673.62
CUST000967,Ekansh Sarkar,1,115932.81,25,71858.92,589615.21
CUST000968,Nathaniel Seth,1,128734.86,50,720984.76,673669.88
CUST000969,Jason Bora,1,1296406.87,25,125308.19,584197.75
CUST000970,Anusha Thakkar,2,6069430.37,75,1083313.21,1477378.64
CUST000971,Chandresh Tailor,1,2806063.6,50,528307.72,990987.66
CUST000972,Tanay Ratti,1,132519.61,50,423712.44,881857.25
CUST000973,Libni Sarin,2,1212991.13,50,227724.86000000002,1305041.8699999999
CUST000974,Isha Nagi,1,25927.05,25,472121.22000000003,516166.52999999997
CUST000975,Gaurang Chaudhari,2,1540432.72,35,403085.36,419375.5
CUST000976,Wridesh Sahota,1,421969.66,10,9368.130000000001,121337.18
CUST000977,Daksha Bal,2,2647105.46,100,1456013.6,1860570.33
CUST000978,Osha Agate,3,2789633.16,60,653553.27,1120114.31
CUST000979,Harita Pai,1,487049.2,25,113310.33,487320.27
CUST000980,Chandani Mitter,2,5922731.609999999,75,574870.14,1759566.3699999999
CUST000981,Karan Chaudhuri,1,196033.57,25,498075.83999999997,626743.5
CUST000982,Ucchal Gulati,1,4684143.76,10,194457.28,121633.11
CUST000983,Nidhi Samra,1,793542.81,10,173573.55000000002,71086.28
CUST000984,Nakul Oza,3,1050764.9300000002,125,1276739.2,2016007.53
CUST000985,Aishani Mallick,1,1695216.82,50,301751.05,853630.65
CUST000986,Libni Sen,2,455652.38,50,250088.91,917899.5
CUST000987,Sara Mohan,1,1138684.97,25,335638.92,360553.77999999997
CUST000988,Krisha Chada,3,1847768.23,125,1763791.64,1715518.17
CUST000989,Nathan Bahl,1,1927214.57,25,211414.43,341689.77
CUST000990,Brijesh Sundaram,2,8614376.75,50,672328.17,703713.12
CUST000991,Kashish Gulati,2,2621183.38,50,509752.82999999996,683330.12
CUST000992,Maya Walia,0,0.0,0,0.0,0.0
CUST000993,Anjali Madan,2,5164083.91,50,476580.18,1254255.56
CUST000994,Aishani Oak,3,1746526.67,85,1207471.99,1682930.43
CUST000996,Dalaja Dhar,3,2629023.35,100,1310267.8900000001,1746193.37
CUST000997,Anya Sandal,1,143306.45,50,356377.86,863869.01
CUST000998,Faraj Batta,1,1374291.23,25,202456.86,492221.27
CUST000999,Mitesh Chhabra,1,146798.98,25,275540.92,500063.13
CUST001000,Anita Basak,1,325600.5,25,329726.57999999996,469933.06
